<?xml version="1.0" encoding="UTF-8"?>
<!-- IMPORTANT: This is an internal file that has been generated
     by the Xilinx ISE software.  Any direct editing or
     changes made to this file may result in unpredictable
     behavior or data corruption.  It is strongly advised that
     users do not edit the contents of this file. -->
<DeviceUsageSummary rev="13">
<DesignStatistics TimeStamp="Sun Apr 20 16:50:50 2014"><group name="NetStatistics">
<item name="NumNets_Active" rev="13">
<attrib name="value" value="6639"/></item>
<item name="NumNets_Gnd" rev="13">
<attrib name="value" value="1"/></item>
<item name="NumNets_Vcc" rev="13">
<attrib name="value" value="1"/></item>
<item name="NumNodesOfType_Active_BOUNCEACROSS" rev="13">
<attrib name="value" value="94"/></item>
<item name="NumNodesOfType_Active_BOUNCEIN" rev="13">
<attrib name="value" value="966"/></item>
<item name="NumNodesOfType_Active_BUFGOUT" rev="13">
<attrib name="value" value="8"/></item>
<item name="NumNodesOfType_Active_BUFHINP2OUT" rev="13">
<attrib name="value" value="56"/></item>
<item name="NumNodesOfType_Active_CLKPIN" rev="13">
<attrib name="value" value="693"/></item>
<item name="NumNodesOfType_Active_CLKPINFEED" rev="13">
<attrib name="value" value="86"/></item>
<item name="NumNodesOfType_Active_CNTRLPIN" rev="13">
<attrib name="value" value="551"/></item>
<item name="NumNodesOfType_Active_DOUBLE" rev="13">
<attrib name="value" value="12960"/></item>
<item name="NumNodesOfType_Active_GENERIC" rev="13">
<attrib name="value" value="13"/></item>
<item name="NumNodesOfType_Active_GLOBAL" rev="13">
<attrib name="value" value="492"/></item>
<item name="NumNodesOfType_Active_INPUT" rev="13">
<attrib name="value" value="4310"/></item>
<item name="NumNodesOfType_Active_IOBIN2OUT" rev="13">
<attrib name="value" value="10"/></item>
<item name="NumNodesOfType_Active_IOBOUTPUT" rev="13">
<attrib name="value" value="10"/></item>
<item name="NumNodesOfType_Active_LUTINPUT" rev="13">
<attrib name="value" value="19089"/></item>
<item name="NumNodesOfType_Active_OUTBOUND" rev="13">
<attrib name="value" value="6395"/></item>
<item name="NumNodesOfType_Active_OUTPUT" rev="13">
<attrib name="value" value="6861"/></item>
<item name="NumNodesOfType_Active_PADINPUT" rev="13">
<attrib name="value" value="8"/></item>
<item name="NumNodesOfType_Active_PADOUTPUT" rev="13">
<attrib name="value" value="3"/></item>
<item name="NumNodesOfType_Active_PINBOUNCE" rev="13">
<attrib name="value" value="4387"/></item>
<item name="NumNodesOfType_Active_PINFEED" rev="13">
<attrib name="value" value="23179"/></item>
<item name="NumNodesOfType_Active_QUAD" rev="13">
<attrib name="value" value="8912"/></item>
<item name="NumNodesOfType_Active_REGINPUT" rev="13">
<attrib name="value" value="1707"/></item>
<item name="NumNodesOfType_Active_SINGLE" rev="13">
<attrib name="value" value="14311"/></item>
<item name="NumNodesOfType_Gnd_BOUNCEACROSS" rev="13">
<attrib name="value" value="1"/></item>
<item name="NumNodesOfType_Gnd_BOUNCEIN" rev="13">
<attrib name="value" value="432"/></item>
<item name="NumNodesOfType_Gnd_DOUBLE" rev="13">
<attrib name="value" value="26"/></item>
<item name="NumNodesOfType_Gnd_GENERIC" rev="13">
<attrib name="value" value="4"/></item>
<item name="NumNodesOfType_Gnd_HGNDOUT" rev="13">
<attrib name="value" value="260"/></item>
<item name="NumNodesOfType_Gnd_INPUT" rev="13">
<attrib name="value" value="888"/></item>
<item name="NumNodesOfType_Gnd_IOBIN2OUT" rev="13">
<attrib name="value" value="4"/></item>
<item name="NumNodesOfType_Gnd_IOBOUTPUT" rev="13">
<attrib name="value" value="4"/></item>
<item name="NumNodesOfType_Gnd_LUTINPUT" rev="13">
<attrib name="value" value="311"/></item>
<item name="NumNodesOfType_Gnd_OUTBOUND" rev="13">
<attrib name="value" value="32"/></item>
<item name="NumNodesOfType_Gnd_OUTPUT" rev="13">
<attrib name="value" value="35"/></item>
<item name="NumNodesOfType_Gnd_PADINPUT" rev="13">
<attrib name="value" value="4"/></item>
<item name="NumNodesOfType_Gnd_PINBOUNCE" rev="13">
<attrib name="value" value="496"/></item>
<item name="NumNodesOfType_Gnd_PINFEED" rev="13">
<attrib name="value" value="1071"/></item>
<item name="NumNodesOfType_Gnd_QUAD" rev="13">
<attrib name="value" value="1"/></item>
<item name="NumNodesOfType_Gnd_REGINPUT" rev="13">
<attrib name="value" value="62"/></item>
<item name="NumNodesOfType_Gnd_SINGLE" rev="13">
<attrib name="value" value="42"/></item>
<item name="NumNodesOfType_Vcc_CNTRLPIN" rev="13">
<attrib name="value" value="21"/></item>
<item name="NumNodesOfType_Vcc_HVCCOUT" rev="13">
<attrib name="value" value="1109"/></item>
<item name="NumNodesOfType_Vcc_INPUT" rev="13">
<attrib name="value" value="6155"/></item>
<item name="NumNodesOfType_Vcc_KVCCOUT" rev="13">
<attrib name="value" value="643"/></item>
<item name="NumNodesOfType_Vcc_LUTINPUT" rev="13">
<attrib name="value" value="6260"/></item>
<item name="NumNodesOfType_Vcc_PINBOUNCE" rev="13">
<attrib name="value" value="861"/></item>
<item name="NumNodesOfType_Vcc_PINFEED" rev="13">
<attrib name="value" value="11751"/></item>
<item name="NumNodesOfType_Vcc_REGINPUT" rev="13">
<attrib name="value" value="176"/></item>
</group>
<group name="MiscellaneousStatistics">
<item name="AGG_BONDED_IO" rev="12">
<attrib name="value" value="15"/></item>
<item name="AGG_IO" rev="12">
<attrib name="value" value="15"/></item>
<item name="AGG_LOCED_IO" rev="12">
<attrib name="value" value="15"/></item>
<item name="AGG_SLICE" rev="12">
<attrib name="value" value="1983"/></item>
<item name="NUM_BONDED_IOB" rev="12">
<attrib name="value" value="15"/></item>
<item name="NUM_BSCAN" rev="12">
<attrib name="value" value="1"/></item>
<item name="NUM_BSFULL" rev="12">
<attrib name="value" value="1084"/></item>
<item name="NUM_BSLUTONLY" rev="12">
<attrib name="value" value="4535"/></item>
<item name="NUM_BSREGONLY" rev="12">
<attrib name="value" value="393"/></item>
<item name="NUM_BSUSED" rev="12">
<attrib name="value" value="6012"/></item>
<item name="NUM_BUFG" rev="12">
<attrib name="value" value="8"/></item>
<item name="NUM_DSP48A1" rev="12">
<attrib name="value" value="6"/></item>
<item name="NUM_LOCED_IOB" rev="12">
<attrib name="value" value="15"/></item>
<item name="NUM_LOGIC_O5ANDO6" rev="12">
<attrib name="value" value="1443"/></item>
<item name="NUM_LOGIC_O5ONLY" rev="12">
<attrib name="value" value="232"/></item>
<item name="NUM_LOGIC_O6ONLY" rev="12">
<attrib name="value" value="2949"/></item>
<item name="NUM_LUT_RT_DRIVES_CARRY4" rev="12">
<attrib name="value" value="82"/></item>
<item name="NUM_LUT_RT_DRIVES_FLOP" rev="12">
<attrib name="value" value="17"/></item>
<item name="NUM_LUT_RT_EXO5" rev="12">
<attrib name="value" value="17"/></item>
<item name="NUM_LUT_RT_EXO6" rev="12">
<attrib name="value" value="80"/></item>
<item name="NUM_LUT_RT_O5" rev="12">
<attrib name="value" value="8"/></item>
<item name="NUM_LUT_RT_O5ANDO6" rev="12">
<attrib name="value" value="2"/></item>
<item name="NUM_LUT_RT_O6" rev="12">
<attrib name="value" value="231"/></item>
<item name="NUM_RAMB16BWER" rev="12">
<attrib name="value" value="85"/></item>
<item name="NUM_RAMB8BWER" rev="12">
<attrib name="value" value="1"/></item>
<item name="NUM_RPM" rev="12">
<attrib name="value" value="13"/></item>
<item name="NUM_SLICEL" rev="12">
<attrib name="value" value="783"/></item>
<item name="NUM_SLICEM" rev="12">
<attrib name="value" value="241"/></item>
<item name="NUM_SLICEX" rev="12">
<attrib name="value" value="959"/></item>
<item name="NUM_SLICE_CARRY4" rev="12">
<attrib name="value" value="767"/></item>
<item name="NUM_SLICE_CONTROLSET" rev="12">
<attrib name="value" value="120"/></item>
<item name="NUM_SLICE_CYINIT" rev="12">
<attrib name="value" value="7580"/></item>
<item name="NUM_SLICE_F7MUX" rev="12">
<attrib name="value" value="36"/></item>
<item name="NUM_SLICE_F8MUX" rev="12">
<attrib name="value" value="2"/></item>
<item name="NUM_SLICE_FF" rev="12">
<attrib name="value" value="1665"/></item>
<item name="NUM_SLICE_LATCH" rev="12">
<attrib name="value" value="1"/></item>
<item name="NUM_SLICE_UNUSEDCTRL" rev="12">
<attrib name="value" value="1296"/></item>
<item name="NUM_SRL_O5ANDO6" rev="12">
<attrib name="value" value="96"/></item>
<item name="NUM_SRL_O5ONLY" rev="12">
<attrib name="value" value="2"/></item>
<item name="NUM_SRL_O6ONLY" rev="12">
<attrib name="value" value="798"/></item>
<item name="NUM_UNUSABLE_FF_BELS" rev="12">
<attrib name="value" value="406"/></item>
<item name="Xilinx Core chipscope_icon_v1_06_a, Xilinx CORE Generator 14.3" rev="12">
<attrib name="value" value="1"/></item>
<item name="Xilinx Core chipscope_ila_v1_05_a, Xilinx CORE Generator 14.3" rev="12">
<attrib name="value" value="1"/></item>
<item name="Xilinx Core dds_compiler_v4_0, Xilinx CORE Generator 14.7" rev="12">
<attrib name="value" value="3"/></item>
<item name="Xilinx Core fir_compiler_v5_0, Xilinx CORE Generator 14.7" rev="12">
<attrib name="value" value="2"/></item>
<item name="Xilinx Core mult_gen_v11_2, Xilinx CORE Generator 14.7" rev="12">
<attrib name="value" value="3"/></item>
</group>
<group name="SiteStatistics">
<item name="BUFG-BUFGMUX" rev="13">
<attrib name="value" value="8"/></item>
<item name="IOB-IOBM" rev="13">
<attrib name="value" value="8"/></item>
<item name="IOB-IOBS" rev="13">
<attrib name="value" value="7"/></item>
<item name="SLICEL-SLICEM" rev="13">
<attrib name="value" value="358"/></item>
<item name="SLICEX-SLICEL" rev="13">
<attrib name="value" value="172"/></item>
<item name="SLICEX-SLICEM" rev="13">
<attrib name="value" value="107"/></item>
</group>
</DesignStatistics>
<DeviceUsage TimeStamp="Sun Apr 20 16:50:50 2014"><group name="SiteSummary">
<item name="BSCAN" rev="13">
<attrib name="total" value="1000000"/><attrib name="used" value="1"/></item>
<item name="BSCAN_BSCAN" rev="13">
<attrib name="total" value="1000000"/><attrib name="used" value="1"/></item>
<item name="BUFG" rev="13">
<attrib name="total" value="1000000"/><attrib name="used" value="8"/></item>
<item name="BUFG_BUFG" rev="13">
<attrib name="total" value="1000000"/><attrib name="used" value="8"/></item>
<item name="CARRY4" rev="13">
<attrib name="total" value="1000000"/><attrib name="used" value="767"/></item>
<item name="DSP48A1" rev="13">
<attrib name="total" value="1000000"/><attrib name="used" value="6"/></item>
<item name="DSP48A1_DSP48A1" rev="13">
<attrib name="total" value="1000000"/><attrib name="used" value="6"/></item>
<item name="FF_SR" rev="13">
<attrib name="total" value="1000000"/><attrib name="used" value="206"/></item>
<item name="HARD0" rev="13">
<attrib name="total" value="1000000"/><attrib name="used" value="76"/></item>
<item name="HARD1" rev="13">
<attrib name="total" value="1000000"/><attrib name="used" value="105"/></item>
<item name="IOB" rev="13">
<attrib name="total" value="1000000"/><attrib name="used" value="15"/></item>
<item name="IOB_IMUX" rev="13">
<attrib name="total" value="1000000"/><attrib name="used" value="3"/></item>
<item name="IOB_INBUF" rev="13">
<attrib name="total" value="1000000"/><attrib name="used" value="3"/></item>
<item name="IOB_OUTBUF" rev="13">
<attrib name="total" value="1000000"/><attrib name="used" value="12"/></item>
<item name="LUT5" rev="13">
<attrib name="total" value="1000000"/><attrib name="used" value="1702"/></item>
<item name="LUT6" rev="13">
<attrib name="total" value="1000000"/><attrib name="used" value="4695"/></item>
<item name="LUT_OR_MEM5" rev="13">
<attrib name="total" value="1000000"/><attrib name="used" value="98"/></item>
<item name="LUT_OR_MEM6" rev="13">
<attrib name="total" value="1000000"/><attrib name="used" value="904"/></item>
<item name="PAD" rev="13">
<attrib name="total" value="1000000"/><attrib name="used" value="15"/></item>
<item name="PULL_OR_KEEP1" rev="13">
<attrib name="total" value="1000000"/><attrib name="used" value="1"/></item>
<item name="RAMB16BWER" rev="13">
<attrib name="total" value="1000000"/><attrib name="used" value="85"/></item>
<item name="RAMB16BWER_RAMB16BWER" rev="13">
<attrib name="total" value="1000000"/><attrib name="used" value="85"/></item>
<item name="RAMB8BWER" rev="13">
<attrib name="total" value="1000000"/><attrib name="used" value="1"/></item>
<item name="RAMB8BWER_RAMB8BWER" rev="13">
<attrib name="total" value="1000000"/><attrib name="used" value="1"/></item>
<item name="REG_SR" rev="13">
<attrib name="total" value="1000000"/><attrib name="used" value="1460"/></item>
<item name="SELMUX2_1" rev="13">
<attrib name="total" value="1000000"/><attrib name="used" value="38"/></item>
<item name="SLICEL" rev="13">
<attrib name="total" value="1000000"/><attrib name="used" value="783"/></item>
<item name="SLICEM" rev="13">
<attrib name="total" value="1000000"/><attrib name="used" value="241"/></item>
<item name="SLICEX" rev="13">
<attrib name="total" value="1000000"/><attrib name="used" value="959"/></item>
</group>
</DeviceUsage>
<ReportConfigData TimeStamp="Sun Apr 20 16:50:50 2014"><group name="DSP48A1">
<item name="CEA" rev="13">
<attrib name="CEA_INV" value="0"/><attrib name="CEA" value="6"/></item>
<item name="CEB" rev="13">
<attrib name="CEB_INV" value="0"/><attrib name="CEB" value="6"/></item>
<item name="CEC" rev="13">
<attrib name="CEC" value="6"/><attrib name="CEC_INV" value="0"/></item>
<item name="CECARRYIN" rev="13">
<attrib name="CECARRYIN" value="6"/><attrib name="CECARRYIN_INV" value="0"/></item>
<item name="CED" rev="13">
<attrib name="CED_INV" value="0"/><attrib name="CED" value="6"/></item>
<item name="CEM" rev="13">
<attrib name="CEM_INV" value="0"/><attrib name="CEM" value="6"/></item>
<item name="CEOPMODE" rev="13">
<attrib name="CEOPMODE_INV" value="0"/><attrib name="CEOPMODE" value="6"/></item>
<item name="CEP" rev="13">
<attrib name="CEP" value="6"/><attrib name="CEP_INV" value="0"/></item>
<item name="CLK" rev="13">
<attrib name="CLK" value="6"/><attrib name="CLK_INV" value="0"/></item>
<item name="RSTA" rev="13">
<attrib name="RSTA" value="6"/><attrib name="RSTA_INV" value="0"/></item>
<item name="RSTB" rev="13">
<attrib name="RSTB" value="6"/><attrib name="RSTB_INV" value="0"/></item>
<item name="RSTC" rev="13">
<attrib name="RSTC_INV" value="0"/><attrib name="RSTC" value="6"/></item>
<item name="RSTCARRYIN" rev="13">
<attrib name="RSTCARRYIN_INV" value="0"/><attrib name="RSTCARRYIN" value="6"/></item>
<item name="RSTD" rev="13">
<attrib name="RSTD_INV" value="0"/><attrib name="RSTD" value="6"/></item>
<item name="RSTM" rev="13">
<attrib name="RSTM" value="6"/><attrib name="RSTM_INV" value="0"/></item>
<item name="RSTOPMODE" rev="13">
<attrib name="RSTOPMODE_INV" value="0"/><attrib name="RSTOPMODE" value="6"/></item>
<item name="RSTP" rev="13">
<attrib name="RSTP_INV" value="0"/><attrib name="RSTP" value="6"/></item>
</group>
<group name="REG_SR">
<item name="CK" rev="13">
<attrib name="CK" value="1400"/><attrib name="CK_INV" value="60"/></item>
<item name="LATCH_OR_FF" rev="13">
<attrib name="FF" value="1459"/><attrib name="LATCH" value="1"/></item>
<item name="SRINIT" rev="13">
<attrib name="SRINIT0" value="1251"/><attrib name="SRINIT1" value="209"/></item>
<item name="SYNC_ATTR" rev="13">
<attrib name="ASYNC" value="919"/><attrib name="SYNC" value="541"/></item>
</group>
<group name="LUT_OR_MEM5">
<item name="CLK" rev="13">
<attrib name="CLK" value="98"/><attrib name="CLK_INV" value="0"/></item>
<item name="LUT_OR_MEM" rev="13">
<attrib name="RAM" value="98"/></item>
<item name="RAMMODE" rev="13">
<attrib name="SRL16" value="98"/></item>
</group>
<group name="LUT_OR_MEM6">
<item name="CLK" rev="13">
<attrib name="CLK" value="268"/><attrib name="CLK_INV" value="626"/></item>
<item name="LUT_OR_MEM" rev="13">
<attrib name="LUT" value="10"/><attrib name="RAM" value="894"/></item>
<item name="RAMMODE" rev="13">
<attrib name="SRL16" value="221"/><attrib name="SRL32" value="673"/></item>
</group>
<group name="SLICEL">
<item name="CLK" rev="13">
<attrib name="CLK" value="171"/><attrib name="CLK_INV" value="1"/></item>
</group>
<group name="SLICEM">
<item name="CLK" rev="13">
<attrib name="CLK" value="83"/><attrib name="CLK_INV" value="158"/></item>
</group>
<group name="DSP48A1_DSP48A1">
<item name="A0REG" rev="13">
<attrib name="0" value="6"/></item>
<item name="A1REG" rev="13">
<attrib name="1" value="6"/></item>
<item name="B0REG" rev="13">
<attrib name="0" value="2"/><attrib name="1" value="4"/></item>
<item name="B1REG" rev="13">
<attrib name="1" value="6"/></item>
<item name="B_INPUT" rev="13">
<attrib name="DIRECT" value="6"/></item>
<item name="CARRYINREG" rev="13">
<attrib name="0" value="6"/></item>
<item name="CARRYINSEL" rev="13">
<attrib name="OPMODE5" value="6"/></item>
<item name="CARRYOUTREG" rev="13">
<attrib name="0" value="6"/></item>
<item name="CEA" rev="13">
<attrib name="CEA_INV" value="0"/><attrib name="CEA" value="6"/></item>
<item name="CEB" rev="13">
<attrib name="CEB_INV" value="0"/><attrib name="CEB" value="6"/></item>
<item name="CEC" rev="13">
<attrib name="CEC" value="6"/><attrib name="CEC_INV" value="0"/></item>
<item name="CECARRYIN" rev="13">
<attrib name="CECARRYIN" value="6"/><attrib name="CECARRYIN_INV" value="0"/></item>
<item name="CED" rev="13">
<attrib name="CED_INV" value="0"/><attrib name="CED" value="6"/></item>
<item name="CEM" rev="13">
<attrib name="CEM_INV" value="0"/><attrib name="CEM" value="6"/></item>
<item name="CEOPMODE" rev="13">
<attrib name="CEOPMODE_INV" value="0"/><attrib name="CEOPMODE" value="6"/></item>
<item name="CEP" rev="13">
<attrib name="CEP" value="6"/><attrib name="CEP_INV" value="0"/></item>
<item name="CLK" rev="13">
<attrib name="CLK" value="6"/><attrib name="CLK_INV" value="0"/></item>
<item name="CREG" rev="13">
<attrib name="1" value="6"/></item>
<item name="DREG" rev="13">
<attrib name="1" value="6"/></item>
<item name="MREG" rev="13">
<attrib name="1" value="6"/></item>
<item name="OPMODEREG" rev="13">
<attrib name="0" value="2"/><attrib name="1" value="4"/></item>
<item name="PREG" rev="13">
<attrib name="1" value="6"/></item>
<item name="RSTA" rev="13">
<attrib name="RSTA" value="6"/><attrib name="RSTA_INV" value="0"/></item>
<item name="RSTB" rev="13">
<attrib name="RSTB" value="6"/><attrib name="RSTB_INV" value="0"/></item>
<item name="RSTC" rev="13">
<attrib name="RSTC_INV" value="0"/><attrib name="RSTC" value="6"/></item>
<item name="RSTCARRYIN" rev="13">
<attrib name="RSTCARRYIN_INV" value="0"/><attrib name="RSTCARRYIN" value="6"/></item>
<item name="RSTD" rev="13">
<attrib name="RSTD_INV" value="0"/><attrib name="RSTD" value="6"/></item>
<item name="RSTM" rev="13">
<attrib name="RSTM" value="6"/><attrib name="RSTM_INV" value="0"/></item>
<item name="RSTOPMODE" rev="13">
<attrib name="RSTOPMODE_INV" value="0"/><attrib name="RSTOPMODE" value="6"/></item>
<item name="RSTP" rev="13">
<attrib name="RSTP_INV" value="0"/><attrib name="RSTP" value="6"/></item>
<item name="RSTTYPE" rev="13">
<attrib name="SYNC" value="6"/></item>
</group>
<group name="IOB_OUTBUF">
<item name="DRIVEATTRBOX" rev="13">
<attrib name="12" value="12"/></item>
<item name="SLEW" rev="13">
<attrib name="SLOW" value="12"/></item>
<item name="SUSPEND" rev="13">
<attrib name="3STATE" value="12"/></item>
</group>
<group name="SLICEX">
<item name="CLK" rev="13">
<attrib name="CLK" value="252"/><attrib name="CLK_INV" value="22"/></item>
</group>
<group name="BSCAN_BSCAN">
<item name="JTAG_CHAIN" rev="13">
<attrib name="1" value="1"/></item>
<item name="JTAG_TEST" rev="13">
<attrib name="0" value="1"/></item>
</group>
<group name="PULL_OR_KEEP1">
<item name="PULLTYPE" rev="13">
<attrib name="PULLDOWN" value="1"/></item>
</group>
<group name="RAMB16BWER">
<item name="CLKA" rev="13">
<attrib name="CLKA_INV" value="0"/><attrib name="CLKA" value="85"/></item>
<item name="CLKB" rev="13">
<attrib name="CLKB_INV" value="0"/><attrib name="CLKB" value="85"/></item>
<item name="ENA" rev="13">
<attrib name="ENA_INV" value="0"/><attrib name="ENA" value="85"/></item>
<item name="ENB" rev="13">
<attrib name="ENB_INV" value="0"/><attrib name="ENB" value="85"/></item>
<item name="REGCEA" rev="13">
<attrib name="REGCEA_INV" value="0"/><attrib name="REGCEA" value="85"/></item>
<item name="REGCEB" rev="13">
<attrib name="REGCEB_INV" value="0"/><attrib name="REGCEB" value="85"/></item>
<item name="RSTA" rev="13">
<attrib name="RSTA" value="85"/><attrib name="RSTA_INV" value="0"/></item>
<item name="RSTB" rev="13">
<attrib name="RSTB" value="85"/><attrib name="RSTB_INV" value="0"/></item>
<item name="WEA0" rev="13">
<attrib name="WEA0" value="85"/><attrib name="WEA0_INV" value="0"/></item>
<item name="WEA1" rev="13">
<attrib name="WEA1" value="85"/><attrib name="WEA1_INV" value="0"/></item>
<item name="WEA2" rev="13">
<attrib name="WEA2" value="85"/><attrib name="WEA2_INV" value="0"/></item>
<item name="WEA3" rev="13">
<attrib name="WEA3_INV" value="0"/><attrib name="WEA3" value="85"/></item>
<item name="WEB0" rev="13">
<attrib name="WEB0" value="85"/><attrib name="WEB0_INV" value="0"/></item>
<item name="WEB1" rev="13">
<attrib name="WEB1" value="85"/><attrib name="WEB1_INV" value="0"/></item>
<item name="WEB2" rev="13">
<attrib name="WEB2_INV" value="0"/><attrib name="WEB2" value="85"/></item>
<item name="WEB3" rev="13">
<attrib name="WEB3" value="85"/><attrib name="WEB3_INV" value="0"/></item>
</group>
<group name="RAMB8BWER">
<item name="CLKAWRCLK" rev="13">
<attrib name="CLKAWRCLK" value="1"/><attrib name="CLKAWRCLK_INV" value="0"/></item>
<item name="CLKBRDCLK" rev="13">
<attrib name="CLKBRDCLK_INV" value="0"/><attrib name="CLKBRDCLK" value="1"/></item>
<item name="ENAWREN" rev="13">
<attrib name="ENAWREN" value="1"/><attrib name="ENAWREN_INV" value="0"/></item>
<item name="ENBRDEN" rev="13">
<attrib name="ENBRDEN_INV" value="0"/><attrib name="ENBRDEN" value="1"/></item>
<item name="REGCEA" rev="13">
<attrib name="REGCEA_INV" value="0"/><attrib name="REGCEA" value="1"/></item>
<item name="REGCEBREGCE" rev="13">
<attrib name="REGCEBREGCE_INV" value="0"/><attrib name="REGCEBREGCE" value="1"/></item>
<item name="RSTA" rev="13">
<attrib name="RSTA" value="1"/><attrib name="RSTA_INV" value="0"/></item>
<item name="RSTBRST" rev="13">
<attrib name="RSTBRST" value="1"/><attrib name="RSTBRST_INV" value="0"/></item>
<item name="WEAWEL0" rev="13">
<attrib name="WEAWEL0" value="1"/><attrib name="WEAWEL0_INV" value="0"/></item>
<item name="WEAWEL1" rev="13">
<attrib name="WEAWEL1_INV" value="0"/><attrib name="WEAWEL1" value="1"/></item>
<item name="WEBWEU0" rev="13">
<attrib name="WEBWEU0" value="1"/><attrib name="WEBWEU0_INV" value="0"/></item>
<item name="WEBWEU1" rev="13">
<attrib name="WEBWEU1" value="1"/><attrib name="WEBWEU1_INV" value="0"/></item>
</group>
<group name="RAMB16BWER_RAMB16BWER">
<item name="CLKA" rev="13">
<attrib name="CLKA_INV" value="0"/><attrib name="CLKA" value="85"/></item>
<item name="CLKB" rev="13">
<attrib name="CLKB_INV" value="0"/><attrib name="CLKB" value="85"/></item>
<item name="DATA_WIDTH_A" rev="13">
<attrib name="1" value="83"/><attrib name="18" value="2"/></item>
<item name="DATA_WIDTH_B" rev="13">
<attrib name="1" value="83"/><attrib name="18" value="2"/></item>
<item name="DOA_REG" rev="13">
<attrib name="0" value="85"/></item>
<item name="DOB_REG" rev="13">
<attrib name="0" value="85"/></item>
<item name="ENA" rev="13">
<attrib name="ENA_INV" value="0"/><attrib name="ENA" value="85"/></item>
<item name="ENB" rev="13">
<attrib name="ENB_INV" value="0"/><attrib name="ENB" value="85"/></item>
<item name="EN_RSTRAM_A" rev="13">
<attrib name="FALSE" value="83"/><attrib name="TRUE" value="2"/></item>
<item name="EN_RSTRAM_B" rev="13">
<attrib name="FALSE" value="83"/><attrib name="TRUE" value="2"/></item>
<item name="RAM_MODE" rev="13">
<attrib name="TDP" value="85"/></item>
<item name="REGCEA" rev="13">
<attrib name="REGCEA_INV" value="0"/><attrib name="REGCEA" value="85"/></item>
<item name="REGCEB" rev="13">
<attrib name="REGCEB_INV" value="0"/><attrib name="REGCEB" value="85"/></item>
<item name="RSTA" rev="13">
<attrib name="RSTA" value="85"/><attrib name="RSTA_INV" value="0"/></item>
<item name="RSTB" rev="13">
<attrib name="RSTB" value="85"/><attrib name="RSTB_INV" value="0"/></item>
<item name="RSTTYPE" rev="13">
<attrib name="SYNC" value="85"/></item>
<item name="RST_PRIORITY_A" rev="13">
<attrib name="CE" value="85"/></item>
<item name="RST_PRIORITY_B" rev="13">
<attrib name="CE" value="85"/></item>
<item name="WEA0" rev="13">
<attrib name="WEA0" value="85"/><attrib name="WEA0_INV" value="0"/></item>
<item name="WEA1" rev="13">
<attrib name="WEA1" value="85"/><attrib name="WEA1_INV" value="0"/></item>
<item name="WEA2" rev="13">
<attrib name="WEA2" value="85"/><attrib name="WEA2_INV" value="0"/></item>
<item name="WEA3" rev="13">
<attrib name="WEA3_INV" value="0"/><attrib name="WEA3" value="85"/></item>
<item name="WEB0" rev="13">
<attrib name="WEB0" value="85"/><attrib name="WEB0_INV" value="0"/></item>
<item name="WEB1" rev="13">
<attrib name="WEB1" value="85"/><attrib name="WEB1_INV" value="0"/></item>
<item name="WEB2" rev="13">
<attrib name="WEB2_INV" value="0"/><attrib name="WEB2" value="85"/></item>
<item name="WEB3" rev="13">
<attrib name="WEB3" value="85"/><attrib name="WEB3_INV" value="0"/></item>
<item name="WRITE_MODE_A" rev="13">
<attrib name="WRITE_FIRST" value="85"/></item>
<item name="WRITE_MODE_B" rev="13">
<attrib name="WRITE_FIRST" value="85"/></item>
</group>
<group name="RAMB8BWER_RAMB8BWER">
<item name="CLKAWRCLK" rev="13">
<attrib name="CLKAWRCLK" value="1"/><attrib name="CLKAWRCLK_INV" value="0"/></item>
<item name="CLKBRDCLK" rev="13">
<attrib name="CLKBRDCLK_INV" value="0"/><attrib name="CLKBRDCLK" value="1"/></item>
<item name="DATA_WIDTH_A" rev="13">
<attrib name="9" value="1"/></item>
<item name="DATA_WIDTH_B" rev="13">
<attrib name="9" value="1"/></item>
<item name="DOA_REG" rev="13">
<attrib name="0" value="1"/></item>
<item name="DOB_REG" rev="13">
<attrib name="0" value="1"/></item>
<item name="ENAWREN" rev="13">
<attrib name="ENAWREN" value="1"/><attrib name="ENAWREN_INV" value="0"/></item>
<item name="ENBRDEN" rev="13">
<attrib name="ENBRDEN_INV" value="0"/><attrib name="ENBRDEN" value="1"/></item>
<item name="EN_RSTRAM_A" rev="13">
<attrib name="TRUE" value="1"/></item>
<item name="EN_RSTRAM_B" rev="13">
<attrib name="TRUE" value="1"/></item>
<item name="RAM_MODE" rev="13">
<attrib name="TDP" value="1"/></item>
<item name="REGCEA" rev="13">
<attrib name="REGCEA_INV" value="0"/><attrib name="REGCEA" value="1"/></item>
<item name="REGCEBREGCE" rev="13">
<attrib name="REGCEBREGCE_INV" value="0"/><attrib name="REGCEBREGCE" value="1"/></item>
<item name="RSTA" rev="13">
<attrib name="RSTA" value="1"/><attrib name="RSTA_INV" value="0"/></item>
<item name="RSTBRST" rev="13">
<attrib name="RSTBRST" value="1"/><attrib name="RSTBRST_INV" value="0"/></item>
<item name="RSTTYPE" rev="13">
<attrib name="SYNC" value="1"/></item>
<item name="RST_PRIORITY_A" rev="13">
<attrib name="CE" value="1"/></item>
<item name="RST_PRIORITY_B" rev="13">
<attrib name="CE" value="1"/></item>
<item name="WEAWEL0" rev="13">
<attrib name="WEAWEL0" value="1"/><attrib name="WEAWEL0_INV" value="0"/></item>
<item name="WEAWEL1" rev="13">
<attrib name="WEAWEL1_INV" value="0"/><attrib name="WEAWEL1" value="1"/></item>
<item name="WEBWEU0" rev="13">
<attrib name="WEBWEU0" value="1"/><attrib name="WEBWEU0_INV" value="0"/></item>
<item name="WEBWEU1" rev="13">
<attrib name="WEBWEU1" value="1"/><attrib name="WEBWEU1_INV" value="0"/></item>
<item name="WRITE_MODE_A" rev="13">
<attrib name="WRITE_FIRST" value="1"/></item>
<item name="WRITE_MODE_B" rev="13">
<attrib name="WRITE_FIRST" value="1"/></item>
</group>
<group name="FF_SR">
<item name="CK" rev="13">
<attrib name="CK" value="182"/><attrib name="CK_INV" value="24"/></item>
<item name="SRINIT" rev="13">
<attrib name="SRINIT0" value="197"/><attrib name="SRINIT1" value="9"/></item>
<item name="SYNC_ATTR" rev="13">
<attrib name="ASYNC" value="194"/><attrib name="SYNC" value="12"/></item>
</group>
</ReportConfigData>
<ReportPinData TimeStamp="Sun Apr 20 16:50:50 2014"><group name="DSP48A1">
<item name="A0" rev="13">
<attrib name="value" value="6"/></item>
<item name="A1" rev="13">
<attrib name="value" value="6"/></item>
<item name="A10" rev="13">
<attrib name="value" value="6"/></item>
<item name="A11" rev="13">
<attrib name="value" value="6"/></item>
<item name="A12" rev="13">
<attrib name="value" value="6"/></item>
<item name="A13" rev="13">
<attrib name="value" value="6"/></item>
<item name="A14" rev="13">
<attrib name="value" value="6"/></item>
<item name="A15" rev="13">
<attrib name="value" value="6"/></item>
<item name="A16" rev="13">
<attrib name="value" value="6"/></item>
<item name="A17" rev="13">
<attrib name="value" value="6"/></item>
<item name="A2" rev="13">
<attrib name="value" value="6"/></item>
<item name="A3" rev="13">
<attrib name="value" value="6"/></item>
<item name="A4" rev="13">
<attrib name="value" value="6"/></item>
<item name="A5" rev="13">
<attrib name="value" value="6"/></item>
<item name="A6" rev="13">
<attrib name="value" value="6"/></item>
<item name="A7" rev="13">
<attrib name="value" value="6"/></item>
<item name="A8" rev="13">
<attrib name="value" value="6"/></item>
<item name="A9" rev="13">
<attrib name="value" value="6"/></item>
<item name="B0" rev="13">
<attrib name="value" value="6"/></item>
<item name="B1" rev="13">
<attrib name="value" value="6"/></item>
<item name="B10" rev="13">
<attrib name="value" value="6"/></item>
<item name="B11" rev="13">
<attrib name="value" value="6"/></item>
<item name="B12" rev="13">
<attrib name="value" value="6"/></item>
<item name="B13" rev="13">
<attrib name="value" value="6"/></item>
<item name="B14" rev="13">
<attrib name="value" value="6"/></item>
<item name="B15" rev="13">
<attrib name="value" value="6"/></item>
<item name="B16" rev="13">
<attrib name="value" value="6"/></item>
<item name="B17" rev="13">
<attrib name="value" value="6"/></item>
<item name="B2" rev="13">
<attrib name="value" value="6"/></item>
<item name="B3" rev="13">
<attrib name="value" value="6"/></item>
<item name="B4" rev="13">
<attrib name="value" value="6"/></item>
<item name="B5" rev="13">
<attrib name="value" value="6"/></item>
<item name="B6" rev="13">
<attrib name="value" value="6"/></item>
<item name="B7" rev="13">
<attrib name="value" value="6"/></item>
<item name="B8" rev="13">
<attrib name="value" value="6"/></item>
<item name="B9" rev="13">
<attrib name="value" value="6"/></item>
<item name="C0" rev="13">
<attrib name="value" value="6"/></item>
<item name="C1" rev="13">
<attrib name="value" value="6"/></item>
<item name="C10" rev="13">
<attrib name="value" value="6"/></item>
<item name="C11" rev="13">
<attrib name="value" value="6"/></item>
<item name="C12" rev="13">
<attrib name="value" value="6"/></item>
<item name="C13" rev="13">
<attrib name="value" value="6"/></item>
<item name="C14" rev="13">
<attrib name="value" value="6"/></item>
<item name="C15" rev="13">
<attrib name="value" value="6"/></item>
<item name="C16" rev="13">
<attrib name="value" value="6"/></item>
<item name="C17" rev="13">
<attrib name="value" value="6"/></item>
<item name="C18" rev="13">
<attrib name="value" value="6"/></item>
<item name="C19" rev="13">
<attrib name="value" value="6"/></item>
<item name="C2" rev="13">
<attrib name="value" value="6"/></item>
<item name="C20" rev="13">
<attrib name="value" value="6"/></item>
<item name="C21" rev="13">
<attrib name="value" value="6"/></item>
<item name="C22" rev="13">
<attrib name="value" value="6"/></item>
<item name="C23" rev="13">
<attrib name="value" value="6"/></item>
<item name="C24" rev="13">
<attrib name="value" value="6"/></item>
<item name="C25" rev="13">
<attrib name="value" value="6"/></item>
<item name="C26" rev="13">
<attrib name="value" value="6"/></item>
<item name="C27" rev="13">
<attrib name="value" value="6"/></item>
<item name="C28" rev="13">
<attrib name="value" value="6"/></item>
<item name="C29" rev="13">
<attrib name="value" value="6"/></item>
<item name="C3" rev="13">
<attrib name="value" value="6"/></item>
<item name="C30" rev="13">
<attrib name="value" value="6"/></item>
<item name="C31" rev="13">
<attrib name="value" value="6"/></item>
<item name="C32" rev="13">
<attrib name="value" value="6"/></item>
<item name="C33" rev="13">
<attrib name="value" value="6"/></item>
<item name="C34" rev="13">
<attrib name="value" value="6"/></item>
<item name="C35" rev="13">
<attrib name="value" value="6"/></item>
<item name="C36" rev="13">
<attrib name="value" value="6"/></item>
<item name="C37" rev="13">
<attrib name="value" value="6"/></item>
<item name="C38" rev="13">
<attrib name="value" value="6"/></item>
<item name="C39" rev="13">
<attrib name="value" value="6"/></item>
<item name="C4" rev="13">
<attrib name="value" value="6"/></item>
<item name="C40" rev="13">
<attrib name="value" value="6"/></item>
<item name="C41" rev="13">
<attrib name="value" value="6"/></item>
<item name="C42" rev="13">
<attrib name="value" value="6"/></item>
<item name="C43" rev="13">
<attrib name="value" value="6"/></item>
<item name="C44" rev="13">
<attrib name="value" value="6"/></item>
<item name="C45" rev="13">
<attrib name="value" value="6"/></item>
<item name="C46" rev="13">
<attrib name="value" value="6"/></item>
<item name="C47" rev="13">
<attrib name="value" value="6"/></item>
<item name="C5" rev="13">
<attrib name="value" value="6"/></item>
<item name="C6" rev="13">
<attrib name="value" value="6"/></item>
<item name="C7" rev="13">
<attrib name="value" value="6"/></item>
<item name="C8" rev="13">
<attrib name="value" value="6"/></item>
<item name="C9" rev="13">
<attrib name="value" value="6"/></item>
<item name="CEA" rev="13">
<attrib name="value" value="6"/></item>
<item name="CEB" rev="13">
<attrib name="value" value="6"/></item>
<item name="CEC" rev="13">
<attrib name="value" value="6"/></item>
<item name="CECARRYIN" rev="13">
<attrib name="value" value="6"/></item>
<item name="CED" rev="13">
<attrib name="value" value="6"/></item>
<item name="CEM" rev="13">
<attrib name="value" value="6"/></item>
<item name="CEOPMODE" rev="13">
<attrib name="value" value="6"/></item>
<item name="CEP" rev="13">
<attrib name="value" value="6"/></item>
<item name="CLK" rev="13">
<attrib name="value" value="6"/></item>
<item name="D0" rev="13">
<attrib name="value" value="6"/></item>
<item name="D1" rev="13">
<attrib name="value" value="6"/></item>
<item name="D10" rev="13">
<attrib name="value" value="6"/></item>
<item name="D11" rev="13">
<attrib name="value" value="6"/></item>
<item name="D12" rev="13">
<attrib name="value" value="6"/></item>
<item name="D13" rev="13">
<attrib name="value" value="6"/></item>
<item name="D14" rev="13">
<attrib name="value" value="6"/></item>
<item name="D15" rev="13">
<attrib name="value" value="6"/></item>
<item name="D16" rev="13">
<attrib name="value" value="6"/></item>
<item name="D17" rev="13">
<attrib name="value" value="6"/></item>
<item name="D2" rev="13">
<attrib name="value" value="6"/></item>
<item name="D3" rev="13">
<attrib name="value" value="6"/></item>
<item name="D4" rev="13">
<attrib name="value" value="6"/></item>
<item name="D5" rev="13">
<attrib name="value" value="6"/></item>
<item name="D6" rev="13">
<attrib name="value" value="6"/></item>
<item name="D7" rev="13">
<attrib name="value" value="6"/></item>
<item name="D8" rev="13">
<attrib name="value" value="6"/></item>
<item name="D9" rev="13">
<attrib name="value" value="6"/></item>
<item name="OPMODE0" rev="13">
<attrib name="value" value="6"/></item>
<item name="OPMODE1" rev="13">
<attrib name="value" value="6"/></item>
<item name="OPMODE2" rev="13">
<attrib name="value" value="6"/></item>
<item name="OPMODE3" rev="13">
<attrib name="value" value="6"/></item>
<item name="OPMODE4" rev="13">
<attrib name="value" value="6"/></item>
<item name="OPMODE5" rev="13">
<attrib name="value" value="6"/></item>
<item name="OPMODE6" rev="13">
<attrib name="value" value="6"/></item>
<item name="OPMODE7" rev="13">
<attrib name="value" value="6"/></item>
<item name="P0" rev="13">
<attrib name="value" value="2"/></item>
<item name="P1" rev="13">
<attrib name="value" value="2"/></item>
<item name="P10" rev="13">
<attrib name="value" value="4"/></item>
<item name="P11" rev="13">
<attrib name="value" value="4"/></item>
<item name="P12" rev="13">
<attrib name="value" value="4"/></item>
<item name="P13" rev="13">
<attrib name="value" value="4"/></item>
<item name="P14" rev="13">
<attrib name="value" value="4"/></item>
<item name="P15" rev="13">
<attrib name="value" value="4"/></item>
<item name="P16" rev="13">
<attrib name="value" value="6"/></item>
<item name="P17" rev="13">
<attrib name="value" value="6"/></item>
<item name="P18" rev="13">
<attrib name="value" value="6"/></item>
<item name="P19" rev="13">
<attrib name="value" value="6"/></item>
<item name="P2" rev="13">
<attrib name="value" value="2"/></item>
<item name="P20" rev="13">
<attrib name="value" value="6"/></item>
<item name="P21" rev="13">
<attrib name="value" value="6"/></item>
<item name="P22" rev="13">
<attrib name="value" value="6"/></item>
<item name="P23" rev="13">
<attrib name="value" value="6"/></item>
<item name="P24" rev="13">
<attrib name="value" value="2"/></item>
<item name="P25" rev="13">
<attrib name="value" value="2"/></item>
<item name="P26" rev="13">
<attrib name="value" value="2"/></item>
<item name="P27" rev="13">
<attrib name="value" value="2"/></item>
<item name="P28" rev="13">
<attrib name="value" value="2"/></item>
<item name="P29" rev="13">
<attrib name="value" value="2"/></item>
<item name="P3" rev="13">
<attrib name="value" value="2"/></item>
<item name="P30" rev="13">
<attrib name="value" value="2"/></item>
<item name="P31" rev="13">
<attrib name="value" value="2"/></item>
<item name="P32" rev="13">
<attrib name="value" value="2"/></item>
<item name="P33" rev="13">
<attrib name="value" value="2"/></item>
<item name="P4" rev="13">
<attrib name="value" value="2"/></item>
<item name="P5" rev="13">
<attrib name="value" value="2"/></item>
<item name="P6" rev="13">
<attrib name="value" value="2"/></item>
<item name="P7" rev="13">
<attrib name="value" value="2"/></item>
<item name="P8" rev="13">
<attrib name="value" value="4"/></item>
<item name="P9" rev="13">
<attrib name="value" value="4"/></item>
<item name="RSTA" rev="13">
<attrib name="value" value="6"/></item>
<item name="RSTB" rev="13">
<attrib name="value" value="6"/></item>
<item name="RSTC" rev="13">
<attrib name="value" value="6"/></item>
<item name="RSTCARRYIN" rev="13">
<attrib name="value" value="6"/></item>
<item name="RSTD" rev="13">
<attrib name="value" value="6"/></item>
<item name="RSTM" rev="13">
<attrib name="value" value="6"/></item>
<item name="RSTOPMODE" rev="13">
<attrib name="value" value="6"/></item>
<item name="RSTP" rev="13">
<attrib name="value" value="6"/></item>
</group>
<group name="REG_SR">
<item name="CE" rev="13">
<attrib name="value" value="509"/></item>
<item name="CK" rev="13">
<attrib name="value" value="1460"/></item>
<item name="D" rev="13">
<attrib name="value" value="1460"/></item>
<item name="Q" rev="13">
<attrib name="value" value="1460"/></item>
<item name="SR" rev="13">
<attrib name="value" value="557"/></item>
</group>
<group name="LUT_OR_MEM5">
<item name="A1" rev="13">
<attrib name="value" value="98"/></item>
<item name="A2" rev="13">
<attrib name="value" value="98"/></item>
<item name="A3" rev="13">
<attrib name="value" value="98"/></item>
<item name="A4" rev="13">
<attrib name="value" value="98"/></item>
<item name="A5" rev="13">
<attrib name="value" value="98"/></item>
<item name="CLK" rev="13">
<attrib name="value" value="98"/></item>
<item name="DI1" rev="13">
<attrib name="value" value="98"/></item>
<item name="O5" rev="13">
<attrib name="value" value="98"/></item>
<item name="WE" rev="13">
<attrib name="value" value="98"/></item>
</group>
<group name="LUT_OR_MEM6">
<item name="A1" rev="13">
<attrib name="value" value="898"/></item>
<item name="A2" rev="13">
<attrib name="value" value="901"/></item>
<item name="A3" rev="13">
<attrib name="value" value="902"/></item>
<item name="A4" rev="13">
<attrib name="value" value="904"/></item>
<item name="A5" rev="13">
<attrib name="value" value="904"/></item>
<item name="A6" rev="13">
<attrib name="value" value="904"/></item>
<item name="CLK" rev="13">
<attrib name="value" value="894"/></item>
<item name="DI1" rev="13">
<attrib name="value" value="673"/></item>
<item name="DI2" rev="13">
<attrib name="value" value="221"/></item>
<item name="MC31" rev="13">
<attrib name="value" value="697"/></item>
<item name="O6" rev="13">
<attrib name="value" value="280"/></item>
<item name="WE" rev="13">
<attrib name="value" value="894"/></item>
</group>
<group name="SLICEL">
<item name="A" rev="13">
<attrib name="value" value="15"/></item>
<item name="A1" rev="13">
<attrib name="value" value="213"/></item>
<item name="A2" rev="13">
<attrib name="value" value="312"/></item>
<item name="A3" rev="13">
<attrib name="value" value="363"/></item>
<item name="A4" rev="13">
<attrib name="value" value="562"/></item>
<item name="A5" rev="13">
<attrib name="value" value="634"/></item>
<item name="A6" rev="13">
<attrib name="value" value="738"/></item>
<item name="AMUX" rev="13">
<attrib name="value" value="552"/></item>
<item name="AQ" rev="13">
<attrib name="value" value="160"/></item>
<item name="AX" rev="13">
<attrib name="value" value="347"/></item>
<item name="B" rev="13">
<attrib name="value" value="19"/></item>
<item name="B1" rev="13">
<attrib name="value" value="233"/></item>
<item name="B2" rev="13">
<attrib name="value" value="362"/></item>
<item name="B3" rev="13">
<attrib name="value" value="396"/></item>
<item name="B4" rev="13">
<attrib name="value" value="531"/></item>
<item name="B5" rev="13">
<attrib name="value" value="601"/></item>
<item name="B6" rev="13">
<attrib name="value" value="695"/></item>
<item name="BMUX" rev="13">
<attrib name="value" value="535"/></item>
<item name="BQ" rev="13">
<attrib name="value" value="147"/></item>
<item name="BX" rev="13">
<attrib name="value" value="271"/></item>
<item name="C" rev="13">
<attrib name="value" value="9"/></item>
<item name="C1" rev="13">
<attrib name="value" value="226"/></item>
<item name="C2" rev="13">
<attrib name="value" value="337"/></item>
<item name="C3" rev="13">
<attrib name="value" value="382"/></item>
<item name="C4" rev="13">
<attrib name="value" value="500"/></item>
<item name="C5" rev="13">
<attrib name="value" value="565"/></item>
<item name="C6" rev="13">
<attrib name="value" value="653"/></item>
<item name="CE" rev="13">
<attrib name="value" value="52"/></item>
<item name="CIN" rev="13">
<attrib name="value" value="578"/></item>
<item name="CLK" rev="13">
<attrib name="value" value="172"/></item>
<item name="CMUX" rev="13">
<attrib name="value" value="514"/></item>
<item name="COUT" rev="13">
<attrib name="value" value="568"/></item>
<item name="CQ" rev="13">
<attrib name="value" value="142"/></item>
<item name="CX" rev="13">
<attrib name="value" value="296"/></item>
<item name="D" rev="13">
<attrib name="value" value="18"/></item>
<item name="D1" rev="13">
<attrib name="value" value="218"/></item>
<item name="D2" rev="13">
<attrib name="value" value="338"/></item>
<item name="D3" rev="13">
<attrib name="value" value="372"/></item>
<item name="D4" rev="13">
<attrib name="value" value="487"/></item>
<item name="D5" rev="13">
<attrib name="value" value="553"/></item>
<item name="D6" rev="13">
<attrib name="value" value="643"/></item>
<item name="DMUX" rev="13">
<attrib name="value" value="479"/></item>
<item name="DQ" rev="13">
<attrib name="value" value="136"/></item>
<item name="DX" rev="13">
<attrib name="value" value="245"/></item>
<item name="SR" rev="13">
<attrib name="value" value="87"/></item>
</group>
<group name="SLICEM">
<item name="A" rev="13">
<attrib name="value" value="20"/></item>
<item name="A1" rev="13">
<attrib name="value" value="240"/></item>
<item name="A2" rev="13">
<attrib name="value" value="240"/></item>
<item name="A3" rev="13">
<attrib name="value" value="240"/></item>
<item name="A4" rev="13">
<attrib name="value" value="240"/></item>
<item name="A5" rev="13">
<attrib name="value" value="240"/></item>
<item name="A6" rev="13">
<attrib name="value" value="240"/></item>
<item name="AI" rev="13">
<attrib name="value" value="66"/></item>
<item name="AMUX" rev="13">
<attrib name="value" value="27"/></item>
<item name="AQ" rev="13">
<attrib name="value" value="54"/></item>
<item name="AX" rev="13">
<attrib name="value" value="46"/></item>
<item name="B" rev="13">
<attrib name="value" value="5"/></item>
<item name="B1" rev="13">
<attrib name="value" value="221"/></item>
<item name="B2" rev="13">
<attrib name="value" value="222"/></item>
<item name="B3" rev="13">
<attrib name="value" value="222"/></item>
<item name="B4" rev="13">
<attrib name="value" value="223"/></item>
<item name="B5" rev="13">
<attrib name="value" value="223"/></item>
<item name="B6" rev="13">
<attrib name="value" value="223"/></item>
<item name="BI" rev="13">
<attrib name="value" value="47"/></item>
<item name="BMUX" rev="13">
<attrib name="value" value="26"/></item>
<item name="BQ" rev="13">
<attrib name="value" value="50"/></item>
<item name="BX" rev="13">
<attrib name="value" value="41"/></item>
<item name="C" rev="13">
<attrib name="value" value="4"/></item>
<item name="C1" rev="13">
<attrib name="value" value="219"/></item>
<item name="C2" rev="13">
<attrib name="value" value="221"/></item>
<item name="C3" rev="13">
<attrib name="value" value="221"/></item>
<item name="C4" rev="13">
<attrib name="value" value="222"/></item>
<item name="C5" rev="13">
<attrib name="value" value="222"/></item>
<item name="C6" rev="13">
<attrib name="value" value="220"/></item>
<item name="CE" rev="13">
<attrib name="value" value="241"/></item>
<item name="CI" rev="13">
<attrib name="value" value="48"/></item>
<item name="CIN" rev="13">
<attrib name="value" value="2"/></item>
<item name="CLK" rev="13">
<attrib name="value" value="241"/></item>
<item name="CMUX" rev="13">
<attrib name="value" value="27"/></item>
<item name="COUT" rev="13">
<attrib name="value" value="10"/></item>
<item name="CQ" rev="13">
<attrib name="value" value="50"/></item>
<item name="CX" rev="13">
<attrib name="value" value="41"/></item>
<item name="D" rev="13">
<attrib name="value" value="5"/></item>
<item name="D1" rev="13">
<attrib name="value" value="220"/></item>
<item name="D2" rev="13">
<attrib name="value" value="220"/></item>
<item name="D3" rev="13">
<attrib name="value" value="221"/></item>
<item name="D4" rev="13">
<attrib name="value" value="221"/></item>
<item name="D5" rev="13">
<attrib name="value" value="221"/></item>
<item name="D6" rev="13">
<attrib name="value" value="221"/></item>
<item name="DI" rev="13">
<attrib name="value" value="60"/></item>
<item name="DMUX" rev="13">
<attrib name="value" value="209"/></item>
<item name="DQ" rev="13">
<attrib name="value" value="49"/></item>
<item name="DX" rev="13">
<attrib name="value" value="194"/></item>
<item name="WE" rev="13">
<attrib name="value" value="12"/></item>
</group>
<group name="DSP48A1_DSP48A1">
<item name="A0" rev="13">
<attrib name="value" value="6"/></item>
<item name="A1" rev="13">
<attrib name="value" value="6"/></item>
<item name="A10" rev="13">
<attrib name="value" value="6"/></item>
<item name="A11" rev="13">
<attrib name="value" value="6"/></item>
<item name="A12" rev="13">
<attrib name="value" value="6"/></item>
<item name="A13" rev="13">
<attrib name="value" value="6"/></item>
<item name="A14" rev="13">
<attrib name="value" value="6"/></item>
<item name="A15" rev="13">
<attrib name="value" value="6"/></item>
<item name="A16" rev="13">
<attrib name="value" value="6"/></item>
<item name="A17" rev="13">
<attrib name="value" value="6"/></item>
<item name="A2" rev="13">
<attrib name="value" value="6"/></item>
<item name="A3" rev="13">
<attrib name="value" value="6"/></item>
<item name="A4" rev="13">
<attrib name="value" value="6"/></item>
<item name="A5" rev="13">
<attrib name="value" value="6"/></item>
<item name="A6" rev="13">
<attrib name="value" value="6"/></item>
<item name="A7" rev="13">
<attrib name="value" value="6"/></item>
<item name="A8" rev="13">
<attrib name="value" value="6"/></item>
<item name="A9" rev="13">
<attrib name="value" value="6"/></item>
<item name="B0" rev="13">
<attrib name="value" value="6"/></item>
<item name="B1" rev="13">
<attrib name="value" value="6"/></item>
<item name="B10" rev="13">
<attrib name="value" value="6"/></item>
<item name="B11" rev="13">
<attrib name="value" value="6"/></item>
<item name="B12" rev="13">
<attrib name="value" value="6"/></item>
<item name="B13" rev="13">
<attrib name="value" value="6"/></item>
<item name="B14" rev="13">
<attrib name="value" value="6"/></item>
<item name="B15" rev="13">
<attrib name="value" value="6"/></item>
<item name="B16" rev="13">
<attrib name="value" value="6"/></item>
<item name="B17" rev="13">
<attrib name="value" value="6"/></item>
<item name="B2" rev="13">
<attrib name="value" value="6"/></item>
<item name="B3" rev="13">
<attrib name="value" value="6"/></item>
<item name="B4" rev="13">
<attrib name="value" value="6"/></item>
<item name="B5" rev="13">
<attrib name="value" value="6"/></item>
<item name="B6" rev="13">
<attrib name="value" value="6"/></item>
<item name="B7" rev="13">
<attrib name="value" value="6"/></item>
<item name="B8" rev="13">
<attrib name="value" value="6"/></item>
<item name="B9" rev="13">
<attrib name="value" value="6"/></item>
<item name="C0" rev="13">
<attrib name="value" value="6"/></item>
<item name="C1" rev="13">
<attrib name="value" value="6"/></item>
<item name="C10" rev="13">
<attrib name="value" value="6"/></item>
<item name="C11" rev="13">
<attrib name="value" value="6"/></item>
<item name="C12" rev="13">
<attrib name="value" value="6"/></item>
<item name="C13" rev="13">
<attrib name="value" value="6"/></item>
<item name="C14" rev="13">
<attrib name="value" value="6"/></item>
<item name="C15" rev="13">
<attrib name="value" value="6"/></item>
<item name="C16" rev="13">
<attrib name="value" value="6"/></item>
<item name="C17" rev="13">
<attrib name="value" value="6"/></item>
<item name="C18" rev="13">
<attrib name="value" value="6"/></item>
<item name="C19" rev="13">
<attrib name="value" value="6"/></item>
<item name="C2" rev="13">
<attrib name="value" value="6"/></item>
<item name="C20" rev="13">
<attrib name="value" value="6"/></item>
<item name="C21" rev="13">
<attrib name="value" value="6"/></item>
<item name="C22" rev="13">
<attrib name="value" value="6"/></item>
<item name="C23" rev="13">
<attrib name="value" value="6"/></item>
<item name="C24" rev="13">
<attrib name="value" value="6"/></item>
<item name="C25" rev="13">
<attrib name="value" value="6"/></item>
<item name="C26" rev="13">
<attrib name="value" value="6"/></item>
<item name="C27" rev="13">
<attrib name="value" value="6"/></item>
<item name="C28" rev="13">
<attrib name="value" value="6"/></item>
<item name="C29" rev="13">
<attrib name="value" value="6"/></item>
<item name="C3" rev="13">
<attrib name="value" value="6"/></item>
<item name="C30" rev="13">
<attrib name="value" value="6"/></item>
<item name="C31" rev="13">
<attrib name="value" value="6"/></item>
<item name="C32" rev="13">
<attrib name="value" value="6"/></item>
<item name="C33" rev="13">
<attrib name="value" value="6"/></item>
<item name="C34" rev="13">
<attrib name="value" value="6"/></item>
<item name="C35" rev="13">
<attrib name="value" value="6"/></item>
<item name="C36" rev="13">
<attrib name="value" value="6"/></item>
<item name="C37" rev="13">
<attrib name="value" value="6"/></item>
<item name="C38" rev="13">
<attrib name="value" value="6"/></item>
<item name="C39" rev="13">
<attrib name="value" value="6"/></item>
<item name="C4" rev="13">
<attrib name="value" value="6"/></item>
<item name="C40" rev="13">
<attrib name="value" value="6"/></item>
<item name="C41" rev="13">
<attrib name="value" value="6"/></item>
<item name="C42" rev="13">
<attrib name="value" value="6"/></item>
<item name="C43" rev="13">
<attrib name="value" value="6"/></item>
<item name="C44" rev="13">
<attrib name="value" value="6"/></item>
<item name="C45" rev="13">
<attrib name="value" value="6"/></item>
<item name="C46" rev="13">
<attrib name="value" value="6"/></item>
<item name="C47" rev="13">
<attrib name="value" value="6"/></item>
<item name="C5" rev="13">
<attrib name="value" value="6"/></item>
<item name="C6" rev="13">
<attrib name="value" value="6"/></item>
<item name="C7" rev="13">
<attrib name="value" value="6"/></item>
<item name="C8" rev="13">
<attrib name="value" value="6"/></item>
<item name="C9" rev="13">
<attrib name="value" value="6"/></item>
<item name="CEA" rev="13">
<attrib name="value" value="6"/></item>
<item name="CEB" rev="13">
<attrib name="value" value="6"/></item>
<item name="CEC" rev="13">
<attrib name="value" value="6"/></item>
<item name="CECARRYIN" rev="13">
<attrib name="value" value="6"/></item>
<item name="CED" rev="13">
<attrib name="value" value="6"/></item>
<item name="CEM" rev="13">
<attrib name="value" value="6"/></item>
<item name="CEOPMODE" rev="13">
<attrib name="value" value="6"/></item>
<item name="CEP" rev="13">
<attrib name="value" value="6"/></item>
<item name="CLK" rev="13">
<attrib name="value" value="6"/></item>
<item name="D0" rev="13">
<attrib name="value" value="6"/></item>
<item name="D1" rev="13">
<attrib name="value" value="6"/></item>
<item name="D10" rev="13">
<attrib name="value" value="6"/></item>
<item name="D11" rev="13">
<attrib name="value" value="6"/></item>
<item name="D12" rev="13">
<attrib name="value" value="6"/></item>
<item name="D13" rev="13">
<attrib name="value" value="6"/></item>
<item name="D14" rev="13">
<attrib name="value" value="6"/></item>
<item name="D15" rev="13">
<attrib name="value" value="6"/></item>
<item name="D16" rev="13">
<attrib name="value" value="6"/></item>
<item name="D17" rev="13">
<attrib name="value" value="6"/></item>
<item name="D2" rev="13">
<attrib name="value" value="6"/></item>
<item name="D3" rev="13">
<attrib name="value" value="6"/></item>
<item name="D4" rev="13">
<attrib name="value" value="6"/></item>
<item name="D5" rev="13">
<attrib name="value" value="6"/></item>
<item name="D6" rev="13">
<attrib name="value" value="6"/></item>
<item name="D7" rev="13">
<attrib name="value" value="6"/></item>
<item name="D8" rev="13">
<attrib name="value" value="6"/></item>
<item name="D9" rev="13">
<attrib name="value" value="6"/></item>
<item name="OPMODE0" rev="13">
<attrib name="value" value="6"/></item>
<item name="OPMODE1" rev="13">
<attrib name="value" value="6"/></item>
<item name="OPMODE2" rev="13">
<attrib name="value" value="6"/></item>
<item name="OPMODE3" rev="13">
<attrib name="value" value="6"/></item>
<item name="OPMODE4" rev="13">
<attrib name="value" value="6"/></item>
<item name="OPMODE5" rev="13">
<attrib name="value" value="6"/></item>
<item name="OPMODE6" rev="13">
<attrib name="value" value="6"/></item>
<item name="OPMODE7" rev="13">
<attrib name="value" value="6"/></item>
<item name="P0" rev="13">
<attrib name="value" value="2"/></item>
<item name="P1" rev="13">
<attrib name="value" value="2"/></item>
<item name="P10" rev="13">
<attrib name="value" value="4"/></item>
<item name="P11" rev="13">
<attrib name="value" value="4"/></item>
<item name="P12" rev="13">
<attrib name="value" value="4"/></item>
<item name="P13" rev="13">
<attrib name="value" value="4"/></item>
<item name="P14" rev="13">
<attrib name="value" value="4"/></item>
<item name="P15" rev="13">
<attrib name="value" value="4"/></item>
<item name="P16" rev="13">
<attrib name="value" value="6"/></item>
<item name="P17" rev="13">
<attrib name="value" value="6"/></item>
<item name="P18" rev="13">
<attrib name="value" value="6"/></item>
<item name="P19" rev="13">
<attrib name="value" value="6"/></item>
<item name="P2" rev="13">
<attrib name="value" value="2"/></item>
<item name="P20" rev="13">
<attrib name="value" value="6"/></item>
<item name="P21" rev="13">
<attrib name="value" value="6"/></item>
<item name="P22" rev="13">
<attrib name="value" value="6"/></item>
<item name="P23" rev="13">
<attrib name="value" value="6"/></item>
<item name="P24" rev="13">
<attrib name="value" value="2"/></item>
<item name="P25" rev="13">
<attrib name="value" value="2"/></item>
<item name="P26" rev="13">
<attrib name="value" value="2"/></item>
<item name="P27" rev="13">
<attrib name="value" value="2"/></item>
<item name="P28" rev="13">
<attrib name="value" value="2"/></item>
<item name="P29" rev="13">
<attrib name="value" value="2"/></item>
<item name="P3" rev="13">
<attrib name="value" value="2"/></item>
<item name="P30" rev="13">
<attrib name="value" value="2"/></item>
<item name="P31" rev="13">
<attrib name="value" value="2"/></item>
<item name="P32" rev="13">
<attrib name="value" value="2"/></item>
<item name="P33" rev="13">
<attrib name="value" value="2"/></item>
<item name="P4" rev="13">
<attrib name="value" value="2"/></item>
<item name="P5" rev="13">
<attrib name="value" value="2"/></item>
<item name="P6" rev="13">
<attrib name="value" value="2"/></item>
<item name="P7" rev="13">
<attrib name="value" value="2"/></item>
<item name="P8" rev="13">
<attrib name="value" value="4"/></item>
<item name="P9" rev="13">
<attrib name="value" value="4"/></item>
<item name="RSTA" rev="13">
<attrib name="value" value="6"/></item>
<item name="RSTB" rev="13">
<attrib name="value" value="6"/></item>
<item name="RSTC" rev="13">
<attrib name="value" value="6"/></item>
<item name="RSTCARRYIN" rev="13">
<attrib name="value" value="6"/></item>
<item name="RSTD" rev="13">
<attrib name="value" value="6"/></item>
<item name="RSTM" rev="13">
<attrib name="value" value="6"/></item>
<item name="RSTOPMODE" rev="13">
<attrib name="value" value="6"/></item>
<item name="RSTP" rev="13">
<attrib name="value" value="6"/></item>
</group>
<group name="IOB_OUTBUF">
<item name="IN" rev="13">
<attrib name="value" value="12"/></item>
<item name="OUT" rev="13">
<attrib name="value" value="12"/></item>
</group>
<group name="SLICEX">
<item name="A" rev="13">
<attrib name="value" value="641"/></item>
<item name="A1" rev="13">
<attrib name="value" value="335"/></item>
<item name="A2" rev="13">
<attrib name="value" value="540"/></item>
<item name="A3" rev="13">
<attrib name="value" value="594"/></item>
<item name="A4" rev="13">
<attrib name="value" value="685"/></item>
<item name="A5" rev="13">
<attrib name="value" value="702"/></item>
<item name="A6" rev="13">
<attrib name="value" value="706"/></item>
<item name="AMUX" rev="13">
<attrib name="value" value="49"/></item>
<item name="AQ" rev="13">
<attrib name="value" value="211"/></item>
<item name="AX" rev="13">
<attrib name="value" value="140"/></item>
<item name="B" rev="13">
<attrib name="value" value="466"/></item>
<item name="B1" rev="13">
<attrib name="value" value="231"/></item>
<item name="B2" rev="13">
<attrib name="value" value="396"/></item>
<item name="B3" rev="13">
<attrib name="value" value="431"/></item>
<item name="B4" rev="13">
<attrib name="value" value="501"/></item>
<item name="B5" rev="13">
<attrib name="value" value="515"/></item>
<item name="B6" rev="13">
<attrib name="value" value="514"/></item>
<item name="BMUX" rev="13">
<attrib name="value" value="50"/></item>
<item name="BQ" rev="13">
<attrib name="value" value="160"/></item>
<item name="BX" rev="13">
<attrib name="value" value="111"/></item>
<item name="C" rev="13">
<attrib name="value" value="270"/></item>
<item name="C1" rev="13">
<attrib name="value" value="162"/></item>
<item name="C2" rev="13">
<attrib name="value" value="250"/></item>
<item name="C3" rev="13">
<attrib name="value" value="276"/></item>
<item name="C4" rev="13">
<attrib name="value" value="304"/></item>
<item name="C5" rev="13">
<attrib name="value" value="319"/></item>
<item name="C6" rev="13">
<attrib name="value" value="315"/></item>
<item name="CE" rev="13">
<attrib name="value" value="84"/></item>
<item name="CLK" rev="13">
<attrib name="value" value="274"/></item>
<item name="CMUX" rev="13">
<attrib name="value" value="47"/></item>
<item name="CQ" rev="13">
<attrib name="value" value="145"/></item>
<item name="CX" rev="13">
<attrib name="value" value="100"/></item>
<item name="D" rev="13">
<attrib name="value" value="264"/></item>
<item name="D1" rev="13">
<attrib name="value" value="163"/></item>
<item name="D2" rev="13">
<attrib name="value" value="222"/></item>
<item name="D3" rev="13">
<attrib name="value" value="256"/></item>
<item name="D4" rev="13">
<attrib name="value" value="294"/></item>
<item name="D5" rev="13">
<attrib name="value" value="306"/></item>
<item name="D6" rev="13">
<attrib name="value" value="306"/></item>
<item name="DMUX" rev="13">
<attrib name="value" value="86"/></item>
<item name="DQ" rev="13">
<attrib name="value" value="156"/></item>
<item name="DX" rev="13">
<attrib name="value" value="111"/></item>
<item name="SR" rev="13">
<attrib name="value" value="108"/></item>
</group>
<group name="BSCAN">
<item name="DRCK" rev="13">
<attrib name="value" value="1"/></item>
<item name="SEL" rev="13">
<attrib name="value" value="1"/></item>
<item name="SHIFT" rev="13">
<attrib name="value" value="1"/></item>
<item name="TDI" rev="13">
<attrib name="value" value="1"/></item>
<item name="TDO" rev="13">
<attrib name="value" value="1"/></item>
<item name="UPDATE" rev="13">
<attrib name="value" value="1"/></item>
</group>
<group name="BUFG_BUFG">
<item name="I0" rev="13">
<attrib name="value" value="8"/></item>
<item name="O" rev="13">
<attrib name="value" value="8"/></item>
</group>
<group name="PAD">
<item name="PAD" rev="13">
<attrib name="value" value="15"/></item>
</group>
<group name="BSCAN_BSCAN">
<item name="DRCK" rev="13">
<attrib name="value" value="1"/></item>
<item name="SEL" rev="13">
<attrib name="value" value="1"/></item>
<item name="SHIFT" rev="13">
<attrib name="value" value="1"/></item>
<item name="TDI" rev="13">
<attrib name="value" value="1"/></item>
<item name="TDO" rev="13">
<attrib name="value" value="1"/></item>
<item name="UPDATE" rev="13">
<attrib name="value" value="1"/></item>
</group>
<group name="IOB_INBUF">
<item name="OUT" rev="13">
<attrib name="value" value="3"/></item>
<item name="PAD" rev="13">
<attrib name="value" value="3"/></item>
</group>
<group name="PULL_OR_KEEP1">
<item name="PAD" rev="13">
<attrib name="value" value="1"/></item>
</group>
<group name="RAMB16BWER">
<item name="ADDRA0" rev="13">
<attrib name="value" value="83"/></item>
<item name="ADDRA1" rev="13">
<attrib name="value" value="83"/></item>
<item name="ADDRA10" rev="13">
<attrib name="value" value="85"/></item>
<item name="ADDRA11" rev="13">
<attrib name="value" value="85"/></item>
<item name="ADDRA12" rev="13">
<attrib name="value" value="85"/></item>
<item name="ADDRA13" rev="13">
<attrib name="value" value="85"/></item>
<item name="ADDRA2" rev="13">
<attrib name="value" value="83"/></item>
<item name="ADDRA3" rev="13">
<attrib name="value" value="83"/></item>
<item name="ADDRA4" rev="13">
<attrib name="value" value="85"/></item>
<item name="ADDRA5" rev="13">
<attrib name="value" value="85"/></item>
<item name="ADDRA6" rev="13">
<attrib name="value" value="85"/></item>
<item name="ADDRA7" rev="13">
<attrib name="value" value="85"/></item>
<item name="ADDRA8" rev="13">
<attrib name="value" value="85"/></item>
<item name="ADDRA9" rev="13">
<attrib name="value" value="85"/></item>
<item name="ADDRB0" rev="13">
<attrib name="value" value="83"/></item>
<item name="ADDRB1" rev="13">
<attrib name="value" value="83"/></item>
<item name="ADDRB10" rev="13">
<attrib name="value" value="85"/></item>
<item name="ADDRB11" rev="13">
<attrib name="value" value="85"/></item>
<item name="ADDRB12" rev="13">
<attrib name="value" value="85"/></item>
<item name="ADDRB13" rev="13">
<attrib name="value" value="85"/></item>
<item name="ADDRB2" rev="13">
<attrib name="value" value="83"/></item>
<item name="ADDRB3" rev="13">
<attrib name="value" value="83"/></item>
<item name="ADDRB4" rev="13">
<attrib name="value" value="85"/></item>
<item name="ADDRB5" rev="13">
<attrib name="value" value="85"/></item>
<item name="ADDRB6" rev="13">
<attrib name="value" value="85"/></item>
<item name="ADDRB7" rev="13">
<attrib name="value" value="85"/></item>
<item name="ADDRB8" rev="13">
<attrib name="value" value="85"/></item>
<item name="ADDRB9" rev="13">
<attrib name="value" value="85"/></item>
<item name="CLKA" rev="13">
<attrib name="value" value="85"/></item>
<item name="CLKB" rev="13">
<attrib name="value" value="85"/></item>
<item name="DIA0" rev="13">
<attrib name="value" value="85"/></item>
<item name="DIA1" rev="13">
<attrib name="value" value="85"/></item>
<item name="DIA10" rev="13">
<attrib name="value" value="85"/></item>
<item name="DIA11" rev="13">
<attrib name="value" value="85"/></item>
<item name="DIA12" rev="13">
<attrib name="value" value="85"/></item>
<item name="DIA13" rev="13">
<attrib name="value" value="85"/></item>
<item name="DIA14" rev="13">
<attrib name="value" value="85"/></item>
<item name="DIA15" rev="13">
<attrib name="value" value="85"/></item>
<item name="DIA16" rev="13">
<attrib name="value" value="83"/></item>
<item name="DIA17" rev="13">
<attrib name="value" value="83"/></item>
<item name="DIA18" rev="13">
<attrib name="value" value="83"/></item>
<item name="DIA19" rev="13">
<attrib name="value" value="83"/></item>
<item name="DIA2" rev="13">
<attrib name="value" value="85"/></item>
<item name="DIA20" rev="13">
<attrib name="value" value="83"/></item>
<item name="DIA21" rev="13">
<attrib name="value" value="83"/></item>
<item name="DIA22" rev="13">
<attrib name="value" value="83"/></item>
<item name="DIA23" rev="13">
<attrib name="value" value="83"/></item>
<item name="DIA24" rev="13">
<attrib name="value" value="83"/></item>
<item name="DIA25" rev="13">
<attrib name="value" value="83"/></item>
<item name="DIA26" rev="13">
<attrib name="value" value="83"/></item>
<item name="DIA27" rev="13">
<attrib name="value" value="83"/></item>
<item name="DIA28" rev="13">
<attrib name="value" value="83"/></item>
<item name="DIA29" rev="13">
<attrib name="value" value="83"/></item>
<item name="DIA3" rev="13">
<attrib name="value" value="85"/></item>
<item name="DIA30" rev="13">
<attrib name="value" value="83"/></item>
<item name="DIA31" rev="13">
<attrib name="value" value="83"/></item>
<item name="DIA4" rev="13">
<attrib name="value" value="85"/></item>
<item name="DIA5" rev="13">
<attrib name="value" value="85"/></item>
<item name="DIA6" rev="13">
<attrib name="value" value="85"/></item>
<item name="DIA7" rev="13">
<attrib name="value" value="85"/></item>
<item name="DIA8" rev="13">
<attrib name="value" value="85"/></item>
<item name="DIA9" rev="13">
<attrib name="value" value="85"/></item>
<item name="DIB0" rev="13">
<attrib name="value" value="83"/></item>
<item name="DIB1" rev="13">
<attrib name="value" value="83"/></item>
<item name="DIB10" rev="13">
<attrib name="value" value="83"/></item>
<item name="DIB11" rev="13">
<attrib name="value" value="83"/></item>
<item name="DIB12" rev="13">
<attrib name="value" value="83"/></item>
<item name="DIB13" rev="13">
<attrib name="value" value="83"/></item>
<item name="DIB14" rev="13">
<attrib name="value" value="83"/></item>
<item name="DIB15" rev="13">
<attrib name="value" value="83"/></item>
<item name="DIB16" rev="13">
<attrib name="value" value="83"/></item>
<item name="DIB17" rev="13">
<attrib name="value" value="83"/></item>
<item name="DIB18" rev="13">
<attrib name="value" value="83"/></item>
<item name="DIB19" rev="13">
<attrib name="value" value="83"/></item>
<item name="DIB2" rev="13">
<attrib name="value" value="83"/></item>
<item name="DIB20" rev="13">
<attrib name="value" value="83"/></item>
<item name="DIB21" rev="13">
<attrib name="value" value="83"/></item>
<item name="DIB22" rev="13">
<attrib name="value" value="83"/></item>
<item name="DIB23" rev="13">
<attrib name="value" value="83"/></item>
<item name="DIB24" rev="13">
<attrib name="value" value="83"/></item>
<item name="DIB25" rev="13">
<attrib name="value" value="83"/></item>
<item name="DIB26" rev="13">
<attrib name="value" value="83"/></item>
<item name="DIB27" rev="13">
<attrib name="value" value="83"/></item>
<item name="DIB28" rev="13">
<attrib name="value" value="83"/></item>
<item name="DIB29" rev="13">
<attrib name="value" value="83"/></item>
<item name="DIB3" rev="13">
<attrib name="value" value="83"/></item>
<item name="DIB30" rev="13">
<attrib name="value" value="83"/></item>
<item name="DIB31" rev="13">
<attrib name="value" value="83"/></item>
<item name="DIB4" rev="13">
<attrib name="value" value="83"/></item>
<item name="DIB5" rev="13">
<attrib name="value" value="83"/></item>
<item name="DIB6" rev="13">
<attrib name="value" value="83"/></item>
<item name="DIB7" rev="13">
<attrib name="value" value="83"/></item>
<item name="DIB8" rev="13">
<attrib name="value" value="83"/></item>
<item name="DIB9" rev="13">
<attrib name="value" value="83"/></item>
<item name="DIPA0" rev="13">
<attrib name="value" value="85"/></item>
<item name="DIPA1" rev="13">
<attrib name="value" value="85"/></item>
<item name="DIPA2" rev="13">
<attrib name="value" value="83"/></item>
<item name="DIPA3" rev="13">
<attrib name="value" value="83"/></item>
<item name="DIPB0" rev="13">
<attrib name="value" value="83"/></item>
<item name="DIPB1" rev="13">
<attrib name="value" value="83"/></item>
<item name="DIPB2" rev="13">
<attrib name="value" value="83"/></item>
<item name="DIPB3" rev="13">
<attrib name="value" value="83"/></item>
<item name="DOA0" rev="13">
<attrib name="value" value="85"/></item>
<item name="DOA1" rev="13">
<attrib name="value" value="2"/></item>
<item name="DOA10" rev="13">
<attrib name="value" value="2"/></item>
<item name="DOA2" rev="13">
<attrib name="value" value="2"/></item>
<item name="DOA3" rev="13">
<attrib name="value" value="2"/></item>
<item name="DOA4" rev="13">
<attrib name="value" value="2"/></item>
<item name="DOA5" rev="13">
<attrib name="value" value="2"/></item>
<item name="DOA6" rev="13">
<attrib name="value" value="2"/></item>
<item name="DOA7" rev="13">
<attrib name="value" value="2"/></item>
<item name="DOA8" rev="13">
<attrib name="value" value="2"/></item>
<item name="DOA9" rev="13">
<attrib name="value" value="2"/></item>
<item name="DOB0" rev="13">
<attrib name="value" value="1"/></item>
<item name="DOB1" rev="13">
<attrib name="value" value="1"/></item>
<item name="DOB10" rev="13">
<attrib name="value" value="1"/></item>
<item name="DOB2" rev="13">
<attrib name="value" value="1"/></item>
<item name="DOB3" rev="13">
<attrib name="value" value="1"/></item>
<item name="DOB4" rev="13">
<attrib name="value" value="1"/></item>
<item name="DOB5" rev="13">
<attrib name="value" value="1"/></item>
<item name="DOB6" rev="13">
<attrib name="value" value="1"/></item>
<item name="DOB7" rev="13">
<attrib name="value" value="1"/></item>
<item name="DOB8" rev="13">
<attrib name="value" value="1"/></item>
<item name="DOB9" rev="13">
<attrib name="value" value="1"/></item>
<item name="ENA" rev="13">
<attrib name="value" value="85"/></item>
<item name="ENB" rev="13">
<attrib name="value" value="85"/></item>
<item name="REGCEA" rev="13">
<attrib name="value" value="85"/></item>
<item name="REGCEB" rev="13">
<attrib name="value" value="85"/></item>
<item name="RSTA" rev="13">
<attrib name="value" value="85"/></item>
<item name="RSTB" rev="13">
<attrib name="value" value="85"/></item>
<item name="WEA0" rev="13">
<attrib name="value" value="85"/></item>
<item name="WEA1" rev="13">
<attrib name="value" value="85"/></item>
<item name="WEA2" rev="13">
<attrib name="value" value="85"/></item>
<item name="WEA3" rev="13">
<attrib name="value" value="85"/></item>
<item name="WEB0" rev="13">
<attrib name="value" value="85"/></item>
<item name="WEB1" rev="13">
<attrib name="value" value="85"/></item>
<item name="WEB2" rev="13">
<attrib name="value" value="85"/></item>
<item name="WEB3" rev="13">
<attrib name="value" value="85"/></item>
</group>
<group name="RAMB8BWER">
<item name="ADDRAWRADDR10" rev="13">
<attrib name="value" value="1"/></item>
<item name="ADDRAWRADDR11" rev="13">
<attrib name="value" value="1"/></item>
<item name="ADDRAWRADDR12" rev="13">
<attrib name="value" value="1"/></item>
<item name="ADDRAWRADDR3" rev="13">
<attrib name="value" value="1"/></item>
<item name="ADDRAWRADDR4" rev="13">
<attrib name="value" value="1"/></item>
<item name="ADDRAWRADDR5" rev="13">
<attrib name="value" value="1"/></item>
<item name="ADDRAWRADDR6" rev="13">
<attrib name="value" value="1"/></item>
<item name="ADDRAWRADDR7" rev="13">
<attrib name="value" value="1"/></item>
<item name="ADDRAWRADDR8" rev="13">
<attrib name="value" value="1"/></item>
<item name="ADDRAWRADDR9" rev="13">
<attrib name="value" value="1"/></item>
<item name="ADDRBRDADDR10" rev="13">
<attrib name="value" value="1"/></item>
<item name="ADDRBRDADDR11" rev="13">
<attrib name="value" value="1"/></item>
<item name="ADDRBRDADDR12" rev="13">
<attrib name="value" value="1"/></item>
<item name="ADDRBRDADDR3" rev="13">
<attrib name="value" value="1"/></item>
<item name="ADDRBRDADDR4" rev="13">
<attrib name="value" value="1"/></item>
<item name="ADDRBRDADDR5" rev="13">
<attrib name="value" value="1"/></item>
<item name="ADDRBRDADDR6" rev="13">
<attrib name="value" value="1"/></item>
<item name="ADDRBRDADDR7" rev="13">
<attrib name="value" value="1"/></item>
<item name="ADDRBRDADDR8" rev="13">
<attrib name="value" value="1"/></item>
<item name="ADDRBRDADDR9" rev="13">
<attrib name="value" value="1"/></item>
<item name="CLKAWRCLK" rev="13">
<attrib name="value" value="1"/></item>
<item name="CLKBRDCLK" rev="13">
<attrib name="value" value="1"/></item>
<item name="DIADI0" rev="13">
<attrib name="value" value="1"/></item>
<item name="DIADI1" rev="13">
<attrib name="value" value="1"/></item>
<item name="DIADI2" rev="13">
<attrib name="value" value="1"/></item>
<item name="DIADI3" rev="13">
<attrib name="value" value="1"/></item>
<item name="DIADI4" rev="13">
<attrib name="value" value="1"/></item>
<item name="DIADI5" rev="13">
<attrib name="value" value="1"/></item>
<item name="DIADI6" rev="13">
<attrib name="value" value="1"/></item>
<item name="DIADI7" rev="13">
<attrib name="value" value="1"/></item>
<item name="DIPADIP0" rev="13">
<attrib name="value" value="1"/></item>
<item name="DOADO7" rev="13">
<attrib name="value" value="1"/></item>
<item name="ENAWREN" rev="13">
<attrib name="value" value="1"/></item>
<item name="ENBRDEN" rev="13">
<attrib name="value" value="1"/></item>
<item name="REGCEA" rev="13">
<attrib name="value" value="1"/></item>
<item name="REGCEBREGCE" rev="13">
<attrib name="value" value="1"/></item>
<item name="RSTA" rev="13">
<attrib name="value" value="1"/></item>
<item name="RSTBRST" rev="13">
<attrib name="value" value="1"/></item>
<item name="WEAWEL0" rev="13">
<attrib name="value" value="1"/></item>
<item name="WEAWEL1" rev="13">
<attrib name="value" value="1"/></item>
<item name="WEBWEU0" rev="13">
<attrib name="value" value="1"/></item>
<item name="WEBWEU1" rev="13">
<attrib name="value" value="1"/></item>
</group>
<group name="RAMB16BWER_RAMB16BWER">
<item name="ADDRA0" rev="13">
<attrib name="value" value="83"/></item>
<item name="ADDRA1" rev="13">
<attrib name="value" value="83"/></item>
<item name="ADDRA10" rev="13">
<attrib name="value" value="85"/></item>
<item name="ADDRA11" rev="13">
<attrib name="value" value="85"/></item>
<item name="ADDRA12" rev="13">
<attrib name="value" value="85"/></item>
<item name="ADDRA13" rev="13">
<attrib name="value" value="85"/></item>
<item name="ADDRA2" rev="13">
<attrib name="value" value="83"/></item>
<item name="ADDRA3" rev="13">
<attrib name="value" value="83"/></item>
<item name="ADDRA4" rev="13">
<attrib name="value" value="85"/></item>
<item name="ADDRA5" rev="13">
<attrib name="value" value="85"/></item>
<item name="ADDRA6" rev="13">
<attrib name="value" value="85"/></item>
<item name="ADDRA7" rev="13">
<attrib name="value" value="85"/></item>
<item name="ADDRA8" rev="13">
<attrib name="value" value="85"/></item>
<item name="ADDRA9" rev="13">
<attrib name="value" value="85"/></item>
<item name="ADDRB0" rev="13">
<attrib name="value" value="83"/></item>
<item name="ADDRB1" rev="13">
<attrib name="value" value="83"/></item>
<item name="ADDRB10" rev="13">
<attrib name="value" value="85"/></item>
<item name="ADDRB11" rev="13">
<attrib name="value" value="85"/></item>
<item name="ADDRB12" rev="13">
<attrib name="value" value="85"/></item>
<item name="ADDRB13" rev="13">
<attrib name="value" value="85"/></item>
<item name="ADDRB2" rev="13">
<attrib name="value" value="83"/></item>
<item name="ADDRB3" rev="13">
<attrib name="value" value="83"/></item>
<item name="ADDRB4" rev="13">
<attrib name="value" value="85"/></item>
<item name="ADDRB5" rev="13">
<attrib name="value" value="85"/></item>
<item name="ADDRB6" rev="13">
<attrib name="value" value="85"/></item>
<item name="ADDRB7" rev="13">
<attrib name="value" value="85"/></item>
<item name="ADDRB8" rev="13">
<attrib name="value" value="85"/></item>
<item name="ADDRB9" rev="13">
<attrib name="value" value="85"/></item>
<item name="CLKA" rev="13">
<attrib name="value" value="85"/></item>
<item name="CLKB" rev="13">
<attrib name="value" value="85"/></item>
<item name="DIA0" rev="13">
<attrib name="value" value="85"/></item>
<item name="DIA1" rev="13">
<attrib name="value" value="85"/></item>
<item name="DIA10" rev="13">
<attrib name="value" value="85"/></item>
<item name="DIA11" rev="13">
<attrib name="value" value="85"/></item>
<item name="DIA12" rev="13">
<attrib name="value" value="85"/></item>
<item name="DIA13" rev="13">
<attrib name="value" value="85"/></item>
<item name="DIA14" rev="13">
<attrib name="value" value="85"/></item>
<item name="DIA15" rev="13">
<attrib name="value" value="85"/></item>
<item name="DIA16" rev="13">
<attrib name="value" value="83"/></item>
<item name="DIA17" rev="13">
<attrib name="value" value="83"/></item>
<item name="DIA18" rev="13">
<attrib name="value" value="83"/></item>
<item name="DIA19" rev="13">
<attrib name="value" value="83"/></item>
<item name="DIA2" rev="13">
<attrib name="value" value="85"/></item>
<item name="DIA20" rev="13">
<attrib name="value" value="83"/></item>
<item name="DIA21" rev="13">
<attrib name="value" value="83"/></item>
<item name="DIA22" rev="13">
<attrib name="value" value="83"/></item>
<item name="DIA23" rev="13">
<attrib name="value" value="83"/></item>
<item name="DIA24" rev="13">
<attrib name="value" value="83"/></item>
<item name="DIA25" rev="13">
<attrib name="value" value="83"/></item>
<item name="DIA26" rev="13">
<attrib name="value" value="83"/></item>
<item name="DIA27" rev="13">
<attrib name="value" value="83"/></item>
<item name="DIA28" rev="13">
<attrib name="value" value="83"/></item>
<item name="DIA29" rev="13">
<attrib name="value" value="83"/></item>
<item name="DIA3" rev="13">
<attrib name="value" value="85"/></item>
<item name="DIA30" rev="13">
<attrib name="value" value="83"/></item>
<item name="DIA31" rev="13">
<attrib name="value" value="83"/></item>
<item name="DIA4" rev="13">
<attrib name="value" value="85"/></item>
<item name="DIA5" rev="13">
<attrib name="value" value="85"/></item>
<item name="DIA6" rev="13">
<attrib name="value" value="85"/></item>
<item name="DIA7" rev="13">
<attrib name="value" value="85"/></item>
<item name="DIA8" rev="13">
<attrib name="value" value="85"/></item>
<item name="DIA9" rev="13">
<attrib name="value" value="85"/></item>
<item name="DIB0" rev="13">
<attrib name="value" value="83"/></item>
<item name="DIB1" rev="13">
<attrib name="value" value="83"/></item>
<item name="DIB10" rev="13">
<attrib name="value" value="83"/></item>
<item name="DIB11" rev="13">
<attrib name="value" value="83"/></item>
<item name="DIB12" rev="13">
<attrib name="value" value="83"/></item>
<item name="DIB13" rev="13">
<attrib name="value" value="83"/></item>
<item name="DIB14" rev="13">
<attrib name="value" value="83"/></item>
<item name="DIB15" rev="13">
<attrib name="value" value="83"/></item>
<item name="DIB16" rev="13">
<attrib name="value" value="83"/></item>
<item name="DIB17" rev="13">
<attrib name="value" value="83"/></item>
<item name="DIB18" rev="13">
<attrib name="value" value="83"/></item>
<item name="DIB19" rev="13">
<attrib name="value" value="83"/></item>
<item name="DIB2" rev="13">
<attrib name="value" value="83"/></item>
<item name="DIB20" rev="13">
<attrib name="value" value="83"/></item>
<item name="DIB21" rev="13">
<attrib name="value" value="83"/></item>
<item name="DIB22" rev="13">
<attrib name="value" value="83"/></item>
<item name="DIB23" rev="13">
<attrib name="value" value="83"/></item>
<item name="DIB24" rev="13">
<attrib name="value" value="83"/></item>
<item name="DIB25" rev="13">
<attrib name="value" value="83"/></item>
<item name="DIB26" rev="13">
<attrib name="value" value="83"/></item>
<item name="DIB27" rev="13">
<attrib name="value" value="83"/></item>
<item name="DIB28" rev="13">
<attrib name="value" value="83"/></item>
<item name="DIB29" rev="13">
<attrib name="value" value="83"/></item>
<item name="DIB3" rev="13">
<attrib name="value" value="83"/></item>
<item name="DIB30" rev="13">
<attrib name="value" value="83"/></item>
<item name="DIB31" rev="13">
<attrib name="value" value="83"/></item>
<item name="DIB4" rev="13">
<attrib name="value" value="83"/></item>
<item name="DIB5" rev="13">
<attrib name="value" value="83"/></item>
<item name="DIB6" rev="13">
<attrib name="value" value="83"/></item>
<item name="DIB7" rev="13">
<attrib name="value" value="83"/></item>
<item name="DIB8" rev="13">
<attrib name="value" value="83"/></item>
<item name="DIB9" rev="13">
<attrib name="value" value="83"/></item>
<item name="DIPA0" rev="13">
<attrib name="value" value="85"/></item>
<item name="DIPA1" rev="13">
<attrib name="value" value="85"/></item>
<item name="DIPA2" rev="13">
<attrib name="value" value="83"/></item>
<item name="DIPA3" rev="13">
<attrib name="value" value="83"/></item>
<item name="DIPB0" rev="13">
<attrib name="value" value="83"/></item>
<item name="DIPB1" rev="13">
<attrib name="value" value="83"/></item>
<item name="DIPB2" rev="13">
<attrib name="value" value="83"/></item>
<item name="DIPB3" rev="13">
<attrib name="value" value="83"/></item>
<item name="DOA0" rev="13">
<attrib name="value" value="85"/></item>
<item name="DOA1" rev="13">
<attrib name="value" value="2"/></item>
<item name="DOA10" rev="13">
<attrib name="value" value="2"/></item>
<item name="DOA2" rev="13">
<attrib name="value" value="2"/></item>
<item name="DOA3" rev="13">
<attrib name="value" value="2"/></item>
<item name="DOA4" rev="13">
<attrib name="value" value="2"/></item>
<item name="DOA5" rev="13">
<attrib name="value" value="2"/></item>
<item name="DOA6" rev="13">
<attrib name="value" value="2"/></item>
<item name="DOA7" rev="13">
<attrib name="value" value="2"/></item>
<item name="DOA8" rev="13">
<attrib name="value" value="2"/></item>
<item name="DOA9" rev="13">
<attrib name="value" value="2"/></item>
<item name="DOB0" rev="13">
<attrib name="value" value="1"/></item>
<item name="DOB1" rev="13">
<attrib name="value" value="1"/></item>
<item name="DOB10" rev="13">
<attrib name="value" value="1"/></item>
<item name="DOB2" rev="13">
<attrib name="value" value="1"/></item>
<item name="DOB3" rev="13">
<attrib name="value" value="1"/></item>
<item name="DOB4" rev="13">
<attrib name="value" value="1"/></item>
<item name="DOB5" rev="13">
<attrib name="value" value="1"/></item>
<item name="DOB6" rev="13">
<attrib name="value" value="1"/></item>
<item name="DOB7" rev="13">
<attrib name="value" value="1"/></item>
<item name="DOB8" rev="13">
<attrib name="value" value="1"/></item>
<item name="DOB9" rev="13">
<attrib name="value" value="1"/></item>
<item name="ENA" rev="13">
<attrib name="value" value="85"/></item>
<item name="ENB" rev="13">
<attrib name="value" value="85"/></item>
<item name="REGCEA" rev="13">
<attrib name="value" value="85"/></item>
<item name="REGCEB" rev="13">
<attrib name="value" value="85"/></item>
<item name="RSTA" rev="13">
<attrib name="value" value="85"/></item>
<item name="RSTB" rev="13">
<attrib name="value" value="85"/></item>
<item name="WEA0" rev="13">
<attrib name="value" value="85"/></item>
<item name="WEA1" rev="13">
<attrib name="value" value="85"/></item>
<item name="WEA2" rev="13">
<attrib name="value" value="85"/></item>
<item name="WEA3" rev="13">
<attrib name="value" value="85"/></item>
<item name="WEB0" rev="13">
<attrib name="value" value="85"/></item>
<item name="WEB1" rev="13">
<attrib name="value" value="85"/></item>
<item name="WEB2" rev="13">
<attrib name="value" value="85"/></item>
<item name="WEB3" rev="13">
<attrib name="value" value="85"/></item>
</group>
<group name="CARRY4">
<item name="CIN" rev="13">
<attrib name="value" value="580"/></item>
<item name="CO0" rev="13">
<attrib name="value" value="19"/></item>
<item name="CO1" rev="13">
<attrib name="value" value="12"/></item>
<item name="CO2" rev="13">
<attrib name="value" value="6"/></item>
<item name="CO3" rev="13">
<attrib name="value" value="582"/></item>
<item name="CYINIT" rev="13">
<attrib name="value" value="187"/></item>
<item name="DI0" rev="13">
<attrib name="value" value="724"/></item>
<item name="DI1" rev="13">
<attrib name="value" value="654"/></item>
<item name="DI2" rev="13">
<attrib name="value" value="625"/></item>
<item name="DI3" rev="13">
<attrib name="value" value="577"/></item>
<item name="O0" rev="13">
<attrib name="value" value="674"/></item>
<item name="O1" rev="13">
<attrib name="value" value="651"/></item>
<item name="O2" rev="13">
<attrib name="value" value="598"/></item>
<item name="O3" rev="13">
<attrib name="value" value="579"/></item>
<item name="S0" rev="13">
<attrib name="value" value="767"/></item>
<item name="S1" rev="13">
<attrib name="value" value="720"/></item>
<item name="S2" rev="13">
<attrib name="value" value="653"/></item>
<item name="S3" rev="13">
<attrib name="value" value="627"/></item>
</group>
<group name="LUT5">
<item name="A1" rev="13">
<attrib name="value" value="268"/></item>
<item name="A2" rev="13">
<attrib name="value" value="564"/></item>
<item name="A3" rev="13">
<attrib name="value" value="603"/></item>
<item name="A4" rev="13">
<attrib name="value" value="372"/></item>
<item name="A5" rev="13">
<attrib name="value" value="328"/></item>
<item name="O5" rev="13">
<attrib name="value" value="1702"/></item>
</group>
<group name="LUT6">
<item name="A1" rev="13">
<attrib name="value" value="1620"/></item>
<item name="A2" rev="13">
<attrib name="value" value="2605"/></item>
<item name="A3" rev="13">
<attrib name="value" value="3042"/></item>
<item name="A4" rev="13">
<attrib name="value" value="3861"/></item>
<item name="A5" rev="13">
<attrib name="value" value="4178"/></item>
<item name="A6" rev="13">
<attrib name="value" value="4570"/></item>
<item name="O6" rev="13">
<attrib name="value" value="4695"/></item>
</group>
<group name="RAMB8BWER_RAMB8BWER">
<item name="ADDRAWRADDR10" rev="13">
<attrib name="value" value="1"/></item>
<item name="ADDRAWRADDR11" rev="13">
<attrib name="value" value="1"/></item>
<item name="ADDRAWRADDR12" rev="13">
<attrib name="value" value="1"/></item>
<item name="ADDRAWRADDR3" rev="13">
<attrib name="value" value="1"/></item>
<item name="ADDRAWRADDR4" rev="13">
<attrib name="value" value="1"/></item>
<item name="ADDRAWRADDR5" rev="13">
<attrib name="value" value="1"/></item>
<item name="ADDRAWRADDR6" rev="13">
<attrib name="value" value="1"/></item>
<item name="ADDRAWRADDR7" rev="13">
<attrib name="value" value="1"/></item>
<item name="ADDRAWRADDR8" rev="13">
<attrib name="value" value="1"/></item>
<item name="ADDRAWRADDR9" rev="13">
<attrib name="value" value="1"/></item>
<item name="ADDRBRDADDR10" rev="13">
<attrib name="value" value="1"/></item>
<item name="ADDRBRDADDR11" rev="13">
<attrib name="value" value="1"/></item>
<item name="ADDRBRDADDR12" rev="13">
<attrib name="value" value="1"/></item>
<item name="ADDRBRDADDR3" rev="13">
<attrib name="value" value="1"/></item>
<item name="ADDRBRDADDR4" rev="13">
<attrib name="value" value="1"/></item>
<item name="ADDRBRDADDR5" rev="13">
<attrib name="value" value="1"/></item>
<item name="ADDRBRDADDR6" rev="13">
<attrib name="value" value="1"/></item>
<item name="ADDRBRDADDR7" rev="13">
<attrib name="value" value="1"/></item>
<item name="ADDRBRDADDR8" rev="13">
<attrib name="value" value="1"/></item>
<item name="ADDRBRDADDR9" rev="13">
<attrib name="value" value="1"/></item>
<item name="CLKAWRCLK" rev="13">
<attrib name="value" value="1"/></item>
<item name="CLKBRDCLK" rev="13">
<attrib name="value" value="1"/></item>
<item name="DIADI0" rev="13">
<attrib name="value" value="1"/></item>
<item name="DIADI1" rev="13">
<attrib name="value" value="1"/></item>
<item name="DIADI2" rev="13">
<attrib name="value" value="1"/></item>
<item name="DIADI3" rev="13">
<attrib name="value" value="1"/></item>
<item name="DIADI4" rev="13">
<attrib name="value" value="1"/></item>
<item name="DIADI5" rev="13">
<attrib name="value" value="1"/></item>
<item name="DIADI6" rev="13">
<attrib name="value" value="1"/></item>
<item name="DIADI7" rev="13">
<attrib name="value" value="1"/></item>
<item name="DIPADIP0" rev="13">
<attrib name="value" value="1"/></item>
<item name="DOADO7" rev="13">
<attrib name="value" value="1"/></item>
<item name="ENAWREN" rev="13">
<attrib name="value" value="1"/></item>
<item name="ENBRDEN" rev="13">
<attrib name="value" value="1"/></item>
<item name="REGCEA" rev="13">
<attrib name="value" value="1"/></item>
<item name="REGCEBREGCE" rev="13">
<attrib name="value" value="1"/></item>
<item name="RSTA" rev="13">
<attrib name="value" value="1"/></item>
<item name="RSTBRST" rev="13">
<attrib name="value" value="1"/></item>
<item name="WEAWEL0" rev="13">
<attrib name="value" value="1"/></item>
<item name="WEAWEL1" rev="13">
<attrib name="value" value="1"/></item>
<item name="WEBWEU0" rev="13">
<attrib name="value" value="1"/></item>
<item name="WEBWEU1" rev="13">
<attrib name="value" value="1"/></item>
</group>
<group name="SELMUX2_1">
<item name="0" rev="13">
<attrib name="value" value="38"/></item>
<item name="1" rev="13">
<attrib name="value" value="38"/></item>
<item name="OUT" rev="13">
<attrib name="value" value="38"/></item>
<item name="S0" rev="13">
<attrib name="value" value="38"/></item>
</group>
<group name="IOB_IMUX">
<item name="I" rev="13">
<attrib name="value" value="3"/></item>
<item name="OUT" rev="13">
<attrib name="value" value="3"/></item>
</group>
<group name="IOB">
<item name="I" rev="13">
<attrib name="value" value="3"/></item>
<item name="O" rev="13">
<attrib name="value" value="12"/></item>
<item name="PAD" rev="13">
<attrib name="value" value="15"/></item>
</group>
<group name="HARD0">
<item name="0" rev="13">
<attrib name="value" value="76"/></item>
</group>
<group name="HARD1">
<item name="1" rev="13">
<attrib name="value" value="105"/></item>
</group>
<group name="FF_SR">
<item name="CE" rev="13">
<attrib name="value" value="138"/></item>
<item name="CK" rev="13">
<attrib name="value" value="206"/></item>
<item name="D" rev="13">
<attrib name="value" value="206"/></item>
<item name="Q" rev="13">
<attrib name="value" value="206"/></item>
<item name="SR" rev="13">
<attrib name="value" value="16"/></item>
</group>
<group name="BUFG">
<item name="I0" rev="13">
<attrib name="value" value="8"/></item>
<item name="O" rev="13">
<attrib name="value" value="8"/></item>
</group>
</ReportPinData>
<CmdHistory>
</CmdHistory>
</DeviceUsageSummary>
